ID,種類,地域,市区町村コード,都道府県名,市区町村名,地区名,最寄駅：名称,最寄駅：距離（分）,間取り,面積（㎡）,土地の形状,間口,延床面積（㎡）,建築年,建物の構造,用途,今後の利用目的,前面道路：方位,前面道路：種類,前面道路：幅員（ｍ）,都市計画,建ぺい率（％）,容積率（％）,取引時点,改装,取引の事情等,取引価格（総額）_log
18016276,中古マンション等,,18201,福井県,福井市,木田町,赤十字前,6,３ＬＤＫ,70,,,,平成10年,ＳＲＣ,住宅,,,,,準工業地域,60.0,200.0,2012年第２四半期,未改装,,7.041392685158225
18003224,中古マンション等,,18201,福井県,福井市,四ツ井,福井(福井),18,１ＬＤＫ,60,,,,平成21年,ＲＣ,住宅,住宅,,,,第１種住居地域,60.0,200.0,2019年第２四半期,未改装,,7.146128035678238
18002776,中古マンション等,,18201,福井県,福井市,文京,日華化学前,8,３ＬＤＫ,90,,,,平成12年,ＲＣ,住宅,住宅,,,,第１種中高層住居専用地域,60.0,200.0,2017年第３四半期,改装済,,7.2552725051033065
18018606,中古マンション等,,18201,福井県,福井市,西開発,越前開発,9,１Ｋ,20,,,,平成7年,ＲＣ,住宅,,,,,第１種住居地域,60.0,200.0,2013年第２四半期,未改装,,6.301029995663981
18002043,中古マンション等,,18201,福井県,福井市,西方,福井(福井),24,３ＬＤＫ,80,,,,,ＲＣ,住宅,,,,,第１種住居地域,60.0,200.0,2017年第２四半期,未改装,,7.301029995663981
18011561,中古マンション等,,18201,福井県,福井市,中央,福井(福井),6,２ＤＫ,55,,,,平成22年,ＲＣ,住宅,,,,,商業地域,80.0,400.0,2011年第２四半期,未改装,,7.301029995663981
18019815,中古マンション等,,18201,福井県,福井市,開発,福井(福井),30分?60分,３ＬＤＫ,95,,,,平成21年,ＲＣ,住宅,,,,,準工業地域,60.0,200.0,2009年第４四半期,,,7.5910646070264995
18011549,中古マンション等,,18201,福井県,福井市,中央,福井(福井),9,３ＬＤＫ,80,,,,平成22年,ＲＣ,住宅,,,,,商業地域,80.0,400.0,2011年第３四半期,未改装,,7.568201724066995
18016685,中古マンション等,,18201,福井県,福井市,中央,福井(福井),6,３ＬＤＫ,90,,,,平成22年,ＲＣ,住宅,,,,,商業地域,80.0,600.0,2012年第４四半期,未改装,,7.57978359661681
18003236,中古マンション等,,18201,福井県,福井市,米松,福井(福井),29,４ＬＤＫ,85,,,,,ＲＣ,住宅,住宅,,,,準工業地域,60.0,200.0,2020年第２四半期,未改装,,7.146128035678238
18020489,中古マンション等,,18201,福井県,福井市,渕,福井(福井),1H?1H30,３ＬＤＫ,60,,,,平成8年,ＲＣ,住宅,,,,,準工業地域,60.0,200.0,2009年第１四半期,改装済,,7.041392685158225
18018828,中古マンション等,,18201,福井県,福井市,八重巻町,森田,1,,85,,,,平成9年,ＲＣ,住宅,,,,,工業地域,60.0,200.0,2013年第２四半期,改装済,,7.041392685158225
18001415,中古マンション等,,18201,福井県,福井市,成和,福井(福井),27,２ＬＤＫ,65,,,,平成15年,ＳＲＣ,住宅,住宅,,,,準工業地域,60.0,200.0,2017年第４四半期,未改装,,7.079181246047625
18002854,中古マンション等,,18201,福井県,福井市,宝永,福井口,6,１ＤＫ,25,,,,昭和64年,ＲＣ,住宅,住宅,,,,第１種住居地域,60.0,200.0,2018年第３四半期,未改装,,6.491361693834273
18002850,中古マンション等,,18201,福井県,福井市,宝永,福井(福井),11,,80,,,,平成17年,ＲＣ,住宅,,,,,近隣商業地域,80.0,300.0,2016年第２四半期,未改装,,7.4623979978989565
18012180,中古マンション等,,18201,福井県,福井市,文京,福大前西福井,4,１Ｋ,15,,,,平成5年,ＲＣ,住宅,,,,,第１種住居地域,60.0,200.0,2011年第４四半期,未改装,調停・競売等,5.939519252618618
18014520,中古マンション等,,18201,福井県,福井市,西開発,越前開発,9,１Ｋ,20,,,,平成2年,ＲＣ,住宅,住宅,,,,第１種住居地域,60.0,200.0,2015年第１四半期,未改装,,6.414973347970818
18016916,中古マンション等,,18201,福井県,福井市,文京,西別院,4,３ＬＤＫ,85,,,,平成20年,ＲＣ,住宅,,,,,準工業地域,60.0,200.0,2012年第１四半期,未改装,,7.301029995663981
18019720,中古マンション等,,18201,福井県,福井市,江端町,江端,6,３ＬＤＫ,75,,,,平成13年,ＳＲＣ,住宅,,,,,準工業地域,60.0,200.0,2009年第３四半期,未改装,,7.146128035678238
18022887,中古マンション等,,18201,福井県,福井市,四ツ井,福井口,8,１Ｋ,20,,,,昭和63年,ＲＣ,住宅,,,,,第１種住居地域,60.0,200.0,2008年第２四半期,改装済,,6.544068044350276
18009712,中古マンション等,,18201,福井県,福井市,春日,福井(福井),15,２ＬＤＫ,65,,,,平成20年,ＲＣ,住宅,,,,,第１種住居地域,60.0,200.0,2010年第３四半期,未改装,,7.301029995663981
18017958,中古マンション等,,18201,福井県,福井市,開発,福井(福井),30分?60分,４ＬＤＫ,110,,,,平成21年,ＲＣ,住宅,,,,,準工業地域,60.0,200.0,2013年第３四半期,未改装,,7.568201724066995
18018604,中古マンション等,,18201,福井県,福井市,西開発,越前開発,12,２ＬＤＫ,60,,,,平成13年,ＲＣ,住宅,,,,,準工業地域,60.0,200.0,2013年第２四半期,未改装,,7.041392685158225
18018289,中古マンション等,,18201,福井県,福井市,城東,福井(福井),18,３ＬＤＫ,70,,,,,ＲＣ,住宅,,,,,第１種中高層住居専用地域,60.0,200.0,2013年第２四半期,未改装,,6.977723605288848
18018467,中古マンション等,,18201,福井県,福井市,中央,福井(福井),4,３ＬＤＫ,125,,,,平成22年,ＳＲＣ,その他,,,,,商業地域,80.0,600.0,2013年第２四半期,未改装,,7.740362689494244
18012307,中古マンション等,,18201,福井県,福井市,南四ツ居,福井(福井),29,１ＬＤＫ,50,,,,平成23年,ＲＣ,住宅,,,,,準工業地域,60.0,200.0,2011年第３四半期,未改装,,7.2552725051033065
18002175,中古マンション等,,18201,福井県,福井市,日光,福井(福井),30分?60分,５ＬＤＫ,90,,,,平成7年,ＲＣ,住宅,住宅,,,,第１種中高層住居専用地域,60.0,200.0,2018年第４四半期,改装済,,7.176091259055681
18001999,中古マンション等,,18201,福井県,福井市,西開発,越前開発,14,２ＬＤＫ,45,,,,昭和64年,ＲＣ,住宅,住宅,,,,準工業地域,60.0,200.0,2016年第４四半期,改装済,,6.623249290397901
18014224,中古マンション等,,18201,福井県,福井市,成和,福井(福井),30分?60分,１Ｋ,20,,,,平成5年,ＲＣ,住宅,住宅,,,,準工業地域,60.0,200.0,2015年第３四半期,,,6.431363764158987
18009286,中古マンション等,,18201,福井県,福井市,円山,福井(福井),30分?60分,２ＬＤＫ,60,,,,平成9年,ＲＣ,住宅,住宅,,,,準工業地域,60.0,200.0,2014年第４四半期,未改装,,7.041392685158225
18018471,中古マンション等,,18201,福井県,福井市,中央,福井(福井),4,２ＬＤＫ,80,,,,平成22年,ＲＣ,住宅,,,,,商業地域,80.0,600.0,2013年第１四半期,未改装,,7.518513939877887
18002549,中古マンション等,,18201,福井県,福井市,日之出,新福井,1,１ＬＤＫ,35,,,,平成3年,ＳＲＣ,住宅,住宅,,,,近隣商業地域,80.0,200.0,2019年第４四半期,改装済,,6.99563519459755
18000638,中古マンション等,,18201,福井県,福井市,花月,福大前西福井,7,１Ｋ,15,,,,,ＲＣ,,住宅,,,,近隣商業地域,80.0,300.0,2020年第３四半期,未改装,,6.079181246047625
18014822,中古マンション等,,18201,福井県,福井市,宝永,福井(福井),11,３ＬＤＫ,80,,,,平成17年,ＲＣ,住宅,,,,,近隣商業地域,80.0,300.0,2015年第３四半期,未改装,,7.414973347970818
18016106,中古マンション等,,18201,福井県,福井市,大手,福井(福井),9,３ＬＤＫ,80,,,,平成23年,ＲＣ,住宅,,,,,商業地域,80.0,400.0,2012年第２四半期,未改装,,7.361727836017593
18019921,中古マンション等,,18201,福井県,福井市,北四ツ居,福井(福井),29,３ＬＤＫ,75,,,,平成19年,ＲＣ,住宅,,,,,準工業地域,60.0,200.0,2009年第３四半期,未改装,,7.278753600952829
18011767,中古マンション等,,18201,福井県,福井市,西開発,越前開発,9,１Ｋ,20,,,,平成2年,ＲＣ,住宅,,,,,第１種住居地域,60.0,200.0,2011年第２四半期,未改装,,6.342422680822207
18003226,中古マンション等,,18201,福井県,福井市,四ツ井,福井(福井),21,１Ｋ,20,,,,昭和63年,ＲＣ,,住宅,,,,第１種住居地域,60.0,200.0,2017年第４四半期,未改装,,6.6127838567197355
18019808,中古マンション等,,18201,福井県,福井市,開発,越前開発,13,２ＬＤＫ,60,,,,平成21年,ＲＣ,住宅,,,,,準工業地域,60.0,200.0,2009年第３四半期,,,7.342422680822207
18001807,中古マンション等,,18201,福井県,福井市,問屋町,福井(福井),30分?60分,３ＬＤＫ,65,,,,昭和50年,ＳＲＣ,,住宅,,,,準工業地域,60.0,200.0,2019年第１四半期,改装済,,6.681241237375588
18018207,中古マンション等,,18201,福井県,福井市,志比口,福井口,6,１Ｋ,25,,,,平成20年,ＲＣ,住宅,,,,,準工業地域,60.0,200.0,2013年第１四半期,,,6.740362689494244
18020378,中古マンション等,,18201,福井県,福井市,西方,,,,20,,,,平成20年,ＲＣ,その他,,,,,第１種住居地域,60.0,200.0,2009年第４四半期,未改装,,6.342422680822207
18009832,中古マンション等,,18201,福井県,福井市,経田,福井(福井),30分?60分,４ＬＤＫ,100,,,,平成12年,ＲＣ,住宅,,,,,第１種中高層住居専用地域,60.0,200.0,2010年第４四半期,未改装,,7.301029995663981
18020513,中古マンション等,,18201,福井県,福井市,文京,福大前西福井,4,１Ｋ,15,,,,平成5年,ＲＣ,住宅,,,,,第１種住居地域,60.0,200.0,2009年第２四半期,未改装,,6.2552725051033065
18019821,中古マンション等,,18201,福井県,福井市,開発,,,２ＬＤＫ,75,,,,平成21年,ＲＣ,住宅,,,,,準工業地域,60.0,200.0,2009年第３四半期,,,7.447158031342219
18013592,中古マンション等,,18201,福井県,福井市,大手,福井(福井),9,,80,,,,平成21年,ＲＣ,住宅,住宅,,,,商業地域,80.0,400.0,2015年第２四半期,未改装,,7.3979400086720375
18022513,中古マンション等,,18201,福井県,福井市,日光,福井(福井),30分?60分,３ＬＤＫ,60,,,,平成4年,,住宅,,,,,第２種中高層住居専用地域,60.0,200.0,2007年第２四半期,改装済,,6.919078092376074
18013526,中古マンション等,,18201,福井県,福井市,江端町,江端,6,２ＬＤＫ,50,,,,平成9年,ＳＲＣ,住宅,住宅,,,,準工業地域,60.0,200.0,2015年第２四半期,未改装,,6.977723605288848
18018461,中古マンション等,,18201,福井県,福井市,中央,福井(福井),4,２ＬＤＫ,75,,,,平成23年,ＲＣ,住宅,,,,,商業地域,80.0,600.0,2013年第３四半期,未改装,,7.491361693834273
18009875,中古マンション等,,18201,福井県,福井市,二の宮,福井(福井),30分?60分,３ＬＤＫ,95,,,,平成20年,ＲＣ,住宅,住宅,,,,準工業地域,60.0,200.0,2014年第２四半期,未改装,,7.414973347970818
18018209,中古マンション等,,18201,福井県,福井市,志比口,福井口,6,１Ｋ,25,,,,平成20年,ＲＣ,住宅,,,,,準工業地域,60.0,200.0,2013年第１四半期,未改装,,6.740362689494244
18001920,中古マンション等,,18201,福井県,福井市,豊島,福井(福井),9,オープンフロア,15,,,,昭和63年,ＲＣ,事務所,事務所,,,,近隣商業地域,80.0,200.0,2016年第３四半期,未改装,,5.698970004336019
18012490,中古マンション等,,18201,福井県,福井市,和田東,福井(福井),30分?60分,２ＬＤＫ,60,,,,平成16年,ＳＲＣ,住宅,,,,,準工業地域,60.0,200.0,2011年第１四半期,未改装,,7.146128035678238
18001686,中古マンション等,,18201,福井県,福井市,中央,福井(福井),9,２ＬＤＫ,110,,,,平成18年,ＲＣ,住宅,住宅,,,,商業地域,80.0,400.0,2016年第３四半期,未改装,,7.531478917042255
18001422,中古マンション等,,18201,福井県,福井市,成和,福井(福井),30分?60分,１Ｋ,25,,,,平成5年,ＳＲＣ,住宅,その他,,,,準工業地域,60.0,200.0,2017年第１四半期,未改装,,6.544068044350276
18017042,中古マンション等,,18201,福井県,福井市,四ツ井,福井口,6,１Ｋ,20,,,,昭和63年,ＲＣ,住宅,,,,,準工業地域,60.0,200.0,2012年第４四半期,未改装,,6.079181246047625
18018464,中古マンション等,,18201,福井県,福井市,中央,福井(福井),5,２ＬＤＫ＋Ｓ,80,,,,平成22年,ＳＲＣ,住宅,,,,,商業地域,80.0,600.0,2013年第２四半期,未改装,,7.491361693834273
18001963,中古マンション等,,18201,福井県,福井市,長本町,越前開発,3,３ＬＤＫ,60,,,,平成10年,,,住宅,,,,準工業地域,60.0,200.0,2017年第４四半期,,調停・競売等,6.8750612633917
18001155,中古マンション等,,18201,福井県,福井市,志比口,福井(福井),20,１Ｋ,25,,,,平成20年,ＲＣ,住宅,事務所,,,,準工業地域,60.0,200.0,2017年第２四半期,,,6.7160033436347994
18000785,中古マンション等,,18201,福井県,福井市,加茂河原,福井(福井),30分?60分,１Ｋ,15,,,,,ＲＣ,住宅,住宅,,,,近隣商業地域,80.0,200.0,2018年第１四半期,未改装,,6.146128035678238
18010156,中古マンション等,,18201,福井県,福井市,中央,福井(福井),9,２ＬＤＫ,65,,,,平成22年,ＲＣ,住宅,,,,,商業地域,80.0,600.0,2010年第３四半期,未改装,,7.414973347970818
18016429,中古マンション等,,18201,福井県,福井市,志比口,福井(福井),18,３ＬＤＫ,75,,,,平成18年,ＲＣ,住宅,,,,,第１種住居地域,60.0,200.0,2012年第１四半期,未改装,,7.3222192947339195
18002294,中古マンション等,,18201,福井県,福井市,二の宮,福井(福井),30分?60分,３ＬＤＫ,95,,,,,ＲＣ,住宅,住宅,,,,準工業地域,60.0,200.0,2020年第２四半期,未改装,,7.204119982655925
18009807,中古マンション等,,18201,福井県,福井市,北四ツ居,福井(福井),25,４ＬＤＫ,80,,,,平成19年,ＲＣ,住宅,,,,,準工業地域,60.0,200.0,2010年第３四半期,未改装,,7.380211241711606
18014451,中古マンション等,,18201,福井県,福井市,問屋町,福井(福井),30分?60分,３ＬＤＫ,70,,,,昭和60年,ＳＲＣ,住宅,住宅,,,,準工業地域,60.0,200.0,2015年第４四半期,改装済,,6.724275869600789
18022278,中古マンション等,,18201,福井県,福井市,高木,福井(福井),30分?60分,３ＬＤＫ,70,,,,平成7年,ＲＣ,住宅,,,,,第１種住居地域,60.0,200.0,2008年第１四半期,未改装,,7.041392685158225
18018450,中古マンション等,,18201,福井県,福井市,中央,福井(福井),4,３ＬＤＫ,120,,,,平成22年,ＲＣ,住宅,,,,,商業地域,80.0,600.0,2013年第４四半期,未改装,,7.662757831681574
18012166,中古マンション等,,18201,福井県,福井市,文京,福井(福井),30分?60分,３ＬＤＫ,65,,,,平成9年,ＲＣ,住宅,,,,,第１種中高層住居専用地域,60.0,200.0,2011年第１四半期,未改装,調停・競売等,6.653212513775344
18002303,中古マンション等,,18201,福井県,福井市,二の宮,福井(福井),30分?60分,３ＬＤＫ,95,,,,平成20年,ＲＣ,住宅,住宅,,,,準工業地域,60.0,200.0,2019年第１四半期,未改装,,7.414973347970818
18018850,中古マンション等,,18201,福井県,福井市,和田東,福井(福井),30分?60分,２ＬＤＫ,65,,,,平成16年,ＳＲＣ,住宅,,,,,準工業地域,60.0,200.0,2013年第４四半期,未改装,,7.176091259055681
18003178,中古マンション等,,18201,福井県,福井市,八重巻町,森田,1,４ＬＤＫ,85,,,,平成9年,ＲＣ,住宅,住宅,,,,工業地域,60.0,200.0,2017年第３四半期,,,6.99563519459755
18019817,中古マンション等,,18201,福井県,福井市,開発,福井(福井),30分?60分,２ＬＤＫ,60,,,,平成21年,ＲＣ,住宅,,,,,準工業地域,60.0,200.0,2009年第３四半期,,,7.342422680822207
18002792,中古マンション等,,18201,福井県,福井市,文京,福井(福井),30分?60分,５ＬＤＫ,90,,,,平成9年,ＲＣ,住宅,住宅,,,,第１種中高層住居専用地域,60.0,200.0,2016年第３四半期,改装済,,7.113943352306837
18018837,中古マンション等,,18201,福井県,福井市,米松,福井(福井),25,１Ｋ,25,,,,平成17年,ＲＣ,住宅,,,,,準工業地域,60.0,200.0,2013年第４四半期,未改装,,6.653212513775344
18009772,中古マンション等,,18201,福井県,福井市,西開発,越前開発,9,２ＬＤＫ,50,,,,平成2年,ＲＣ,住宅,,,,,第１種住居地域,60.0,200.0,2014年第１四半期,未改装,,6.518513939877887
18009748,中古マンション等,,18201,福井県,福井市,長本町,越前開発,3,５ＬＤＫ,95,,,,平成10年,ＲＣ,住宅,,,,,準工業地域,60.0,200.0,2014年第１四半期,未改装,,7.2552725051033065
18011705,中古マンション等,,18201,福井県,福井市,豊島,福井(福井),6,１ＬＤＫ,35,,,,昭和64年,ＲＣ,住宅,,,,,近隣商業地域,80.0,200.0,2011年第４四半期,未改装,,6.447158031342219
18016244,中古マンション等,,18201,福井県,福井市,加茂河原,福井(福井),30分?60分,２ＬＤＫ,50,,,,平成3年,ＲＣ,住宅,,,,,近隣商業地域,80.0,200.0,2012年第４四半期,未改装,,6.740362689494244
18014854,中古マンション等,,18201,福井県,福井市,松本,田原町(福井),1,３ＬＤＫ,70,,,,平成11年,ＳＲＣ,住宅,住宅,,,,近隣商業地域,80.0,300.0,2015年第１四半期,未改装,,7.113943352306837
18002812,中古マンション等,,18201,福井県,福井市,文京,福大前西福井,4,１Ｋ,15,,,,平成5年,ＲＣ,住宅,住宅,,,,第１種住居地域,60.0,200.0,2016年第２四半期,改装済,,6.447158031342219
18014516,中古マンション等,,18201,福井県,福井市,西開発,越前開発,9,１Ｋ,25,,,,平成2年,ＲＣ,住宅,住宅,,,,第１種住居地域,60.0,200.0,2015年第４四半期,未改装,,6.301029995663981
18010215,中古マンション等,,18201,福井県,福井市,米松,越前開発,14,１Ｋ,25,,,,,ＲＣ,住宅,住宅,,,,準工業地域,60.0,200.0,2014年第４四半期,未改装,,6.653212513775344
18012183,中古マンション等,,18201,福井県,福井市,文京,福大前西福井,20,３ＬＤＫ,65,,,,平成9年,ＲＣ,住宅,,,,,第１種中高層住居専用地域,60.0,200.0,2011年第２四半期,改装済,,6.9344984512435675
18016553,中古マンション等,,18201,福井県,福井市,成和,福井(福井),25,３ＬＤＫ,65,,,,平成10年,ＳＲＣ,住宅,,,,,準工業地域,60.0,200.0,2012年第１四半期,改装済,,7.113943352306837
18010214,中古マンション等,,18201,福井県,福井市,四ツ井,福井口,7,１Ｋ,20,,,,昭和63年,ＲＣ,住宅,住宅,,,,第１種住居地域,60.0,200.0,2014年第２四半期,未改装,,5.954242509439325
18016616,中古マンション等,,18201,福井県,福井市,高木町,福井(福井),30分?60分,３ＬＤＫ,70,,,,平成12年,ＲＣ,住宅,,,,,準工業地域,60.0,200.0,2012年第４四半期,未改装,調停・競売等,6.929418925714293
18011067,中古マンション等,,18201,福井県,福井市,下馬,福井(福井),30分?60分,３ＬＤＫ,60,,,,平成3年,ＳＲＣ,住宅,,,,,準工業地域,60.0,200.0,2011年第１四半期,,,5.770852011642144
18010958,中古マンション等,,18201,福井県,福井市,木田,福井(福井),25,３ＬＤＫ,75,,,,平成12年,ＲＣ,住宅,,,,,第１種住居地域,60.0,200.0,2011年第４四半期,未改装,,7.176091259055681
18010917,中古マンション等,,18201,福井県,福井市,四ツ井,福井口,7,１ＬＤＫ,45,,,,平成2年,ＲＣ,住宅,,,,,第１種住居地域,60.0,200.0,2010年第１四半期,改装済,,6.778151250383644
18000348,中古マンション等,,18201,福井県,福井市,江端町,江端,4,３ＬＤＫ,75,,,,平成13年,ＳＲＣ,,住宅,,,,準工業地域,60.0,200.0,2018年第３四半期,未改装,,7.146128035678238
18021968,中古マンション等,,18201,福井県,福井市,勝見,福井(福井),18,２ＬＤＫ,55,,,,平成4年,ＳＲＣ,住宅,,,,,準工業地域,60.0,200.0,2008年第３四半期,,,7.0
18000600,中古マンション等,,18201,福井県,福井市,開発,越前開発,13,２ＬＤＫ,75,,,,平成21年,ＲＣ,住宅,住宅,,,,準工業地域,60.0,200.0,2017年第１四半期,未改装,調停・競売等,7.2552725051033065
18017949,中古マンション等,,18201,福井県,福井市,開発,越前開発,13,４ＬＤＫ,110,,,,平成21年,ＲＣ,住宅,,,,,準工業地域,60.0,200.0,2013年第３四半期,未改装,,7.531478917042255
18002353,中古マンション等,,18201,福井県,福井市,二の宮,八ツ島,13,２ＬＤＫ,60,,,,平成13年,ＲＣ,住宅,住宅,,,,第２種中高層住居専用地域,60.0,200.0,2017年第３四半期,未改装,,7.079181246047625
18011540,中古マンション等,,18201,福井県,福井市,中央,福井(福井),5,１ＬＤＫ,60,,,,平成22年,ＳＲＣ,住宅,,,,,商業地域,80.0,600.0,2011年第４四半期,未改装,,7.2552725051033065
18022748,中古マンション等,,18201,福井県,福井市,宝永,福井口,4,３ＬＤＫ,70,,,,平成19年,ＲＣ,住宅,,,,,第１種住居地域,60.0,200.0,2008年第２四半期,,,7.505149978319906
18001960,中古マンション等,,18201,福井県,福井市,長本町,越前開発,3,３ＬＤＫ,75,,,,平成10年,ＲＣ,,住宅,,,,準工業地域,60.0,200.0,2020年第１四半期,未改装,,7.113943352306837
18016684,中古マンション等,,18201,福井県,福井市,中央,福井(福井),5,４ＬＤＫ,125,,,,平成22年,ＳＲＣ,住宅,,,,,商業地域,80.0,600.0,2012年第４四半期,未改装,,7.681241237375588
18012137,中古マンション等,,18201,福井県,福井市,文京,西別院,6,３ＬＤＫ,70,,,,平成17年,ＲＣ,住宅,,,,,準工業地域,60.0,200.0,2011年第３四半期,未改装,,7.204119982655925
18002358,中古マンション等,,18201,福井県,福井市,二の宮,八ツ島,13,３ＬＤＫ,70,,,,平成13年,ＲＣ,住宅,住宅,,,,第２種中高層住居専用地域,60.0,200.0,2016年第４四半期,未改装,,7.113943352306837
18010927,中古マンション等,,18201,福井県,福井市,米松,福井口,15,２ＬＤＫ,60,,,,平成17年,ＲＣ,住宅,,,,,準工業地域,60.0,200.0,2010年第２四半期,未改装,,7.204119982655925
18022782,中古マンション等,,18201,福井県,福井市,松本,福井(福井),29,,15,,,,平成10年,ＲＣ,駐車場,,,,,第１種住居地域,60.0,200.0,2008年第１四半期,未改装,,6.2552725051033065
18003229,中古マンション等,,18201,福井県,福井市,四ツ井,福井(福井),21,１ＤＫ,20,,,,昭和63年,ＲＣ,住宅,住宅,,,,第１種住居地域,60.0,200.0,2017年第１四半期,未改装,,6.380211241711606
18002657,中古マンション等,,18201,福井県,福井市,渕,福井(福井),1H?1H30,３ＬＤＫ,70,,,,平成6年,ＲＣ,住宅,住宅,,,,近隣商業地域,80.0,200.0,2016年第４四半期,未改装,,6.903089986991944
18020576,中古マンション等,,18201,福井県,福井市,四ツ井,福井(福井),21,１Ｋ,20,,,,昭和63年,ＲＣ,住宅,,,,,第１種住居地域,60.0,200.0,2009年第３四半期,未改装,,6.477121254719663
18010534,中古マンション等,,18201,福井県,福井市,渕,越前花堂,24,４ＬＤＫ,75,,,,平成12年,ＲＣ,住宅,,,,,第１種住居地域,60.0,200.0,2010年第３四半期,未改装,調停・競売等,7.0
18015981,中古マンション等,,18201,福井県,福井市,板垣,福井(福井),30分?60分,３ＬＤＫ,65,,,,平成14年,ＲＣ,住宅,,,,,第１種住居地域,60.0,200.0,2012年第２四半期,改装済,,7.113943352306837
18010217,中古マンション等,,18201,福井県,福井市,米松,福井(福井),26,１Ｋ,25,,,,平成17年,ＲＣ,住宅,住宅,,,,準工業地域,60.0,200.0,2014年第３四半期,未改装,,6.698970004336019
18009834,中古マンション等,,18201,福井県,福井市,経田,八ツ島,18,３ＬＤＫ,75,,,,平成12年,ＲＣ,住宅,,,,,第１種中高層住居専用地域,60.0,200.0,2010年第４四半期,改装済,,7.146128035678238
18020536,中古マンション等,,18201,福井県,福井市,町屋,福井(福井),30分?60分,３ＬＤＫ,55,,,,昭和63年,ＲＣ,住宅,,,,,準工業地域,60.0,200.0,2009年第１四半期,改装済,,6.6127838567197355
18020511,中古マンション等,,18201,福井県,福井市,文京,福大前西福井,5,１Ｋ,15,,,,平成5年,ＲＣ,住宅,,,,,第１種住居地域,60.0,200.0,2009年第３四半期,未改装,,6.176091259055681
18000574,中古マンション等,,18201,福井県,福井市,大和田,福井(福井),1H?1H30,２ＬＤＫ,55,,,,平成14年,ＳＲＣ,住宅,住宅,,,,準工業地域,60.0,200.0,2017年第４四半期,改装済,,7.113943352306837
18019727,中古マンション等,,18201,福井県,福井市,江端町,ベル前,8,２ＬＤＫ,50,,,,平成9年,ＲＣ,住宅,,,,,準工業地域,60.0,200.0,2009年第１四半期,未改装,,7.113943352306837
18009810,中古マンション等,,18201,福井県,福井市,北四ツ居,福井(福井),30分?60分,３ＬＤＫ,70,,,,平成19年,ＲＣ,住宅,,,,,準工業地域,60.0,200.0,2010年第３四半期,未改装,,7.3222192947339195
18011385,中古マンション等,,18201,福井県,福井市,高木,森田,23,３ＬＤＫ,75,,,,平成7年,ＲＣ,住宅,,,,,第１種住居地域,60.0,200.0,2011年第３四半期,未改装,,7.041392685158225
18014515,中古マンション等,,18201,福井県,福井市,西開発,越前開発,9,２ＬＤＫ,50,,,,平成2年,ＲＣ,住宅,住宅,,,,第１種住居地域,60.0,200.0,2015年第４四半期,未改装,,6.690196080028514
18002740,中古マンション等,,18201,福井県,福井市,文京,西別院,7,３ＬＤＫ,60,,,,平成14年,ＳＲＣ,,住宅,,,,準工業地域,60.0,200.0,2018年第２四半期,未改装,,7.176091259055681
18014410,中古マンション等,,18201,福井県,福井市,中央,福井(福井),6,１Ｋ,30,,,,平成22年,ＲＣ,住宅,,,,,商業地域,80.0,400.0,2015年第２四半期,未改装,,6.845098040014257
18001681,中古マンション等,,18201,福井県,福井市,中央,福井(福井),3,４ＬＤＫ,110,,,,平成22年,ＲＣ,住宅,住宅,,,,商業地域,80.0,600.0,2016年第４四半期,未改装,,7.623249290397901
18018715,中古マンション等,,18201,福井県,福井市,渕,福井(福井),1H?1H30,２ＬＤＫ,60,,,,平成8年,ＲＣ,住宅,,,,,準工業地域,60.0,200.0,2013年第３四半期,改装済,,6.832508912706237
18022035,中古マンション等,,18201,福井県,福井市,木田町,赤十字前,4,３ＬＤＫ,70,,,,平成10年,ＳＲＣ,住宅,,,,,準工業地域,60.0,200.0,2008年第４四半期,未改装,調停・競売等,6.740362689494244
18002420,中古マンション等,,18201,福井県,福井市,花堂南,ベル前,6,２ＬＤＫ,45,,,,平成10年,ＲＣ,住宅,住宅,,,,準工業地域,60.0,200.0,2019年第４四半期,未改装,,6.903089986991944
18022708,中古マンション等,,18201,福井県,福井市,文京,福井(福井),30分?60分,３ＬＤＫ,70,,,,平成13年,ＲＣ,住宅,,,,,第１種中高層住居専用地域,60.0,200.0,2008年第３四半期,改装済,,7.204119982655925
18010639,中古マンション等,,18201,福井県,福井市,文京,福井(福井),30分?60分,３ＬＤＫ,65,,,,平成9年,ＲＣ,住宅,,,,,第１種中高層住居専用地域,60.0,200.0,2010年第１四半期,未改装,,6.99563519459755
18010076,中古マンション等,,18201,福井県,福井市,宝永,福井(福井),16,３ＬＤＫ,55,,,,昭和64年,ＲＣ,住宅,住宅,,,,第１種住居地域,60.0,200.0,2014年第４四半期,未改装,,6.431363764158987
18011571,中古マンション等,,18201,福井県,福井市,中央,福井(福井),6,２ＬＤＫ,70,,,,,ＲＣ,住宅,,,,,商業地域,80.0,400.0,2011年第１四半期,未改装,,7.342422680822207
18010678,中古マンション等,,18201,福井県,福井市,宝永,福井(福井),18,３ＬＤＫ,65,,,,平成19年,ＲＣ,住宅,,,,,第１種住居地域,60.0,200.0,2010年第１四半期,未改装,,7.176091259055681
18014215,中古マンション等,,18201,福井県,福井市,成和,福井(福井),30分?60分,１Ｋ,20,,,,平成5年,ＲＣ,住宅,,,,,準工業地域,60.0,200.0,2015年第４四半期,未改装,,6.301029995663981
18010611,中古マンション等,,18201,福井県,福井市,文京,西別院,5,３ＬＤＫ,60,,,,平成8年,ＲＣ,住宅,,,,,準工業地域,60.0,200.0,2010年第３四半期,改装済,,7.079181246047625
18009685,中古マンション等,,18201,福井県,福井市,開発,福井(福井),30分?60分,２ＬＤＫ,75,,,,平成21年,ＲＣ,住宅,,,,,準工業地域,60.0,200.0,2010年第２四半期,未改装,,7.4623979978989565
18000454,中古マンション等,,18201,福井県,福井市,大手,福井(福井),8,,75,,,,平成23年,,住宅,住宅,,,,商業地域,80.0,400.0,2019年第２四半期,未改装,,7.431363764158987
18018473,中古マンション等,,18201,福井県,福井市,中央,福井(福井),4,１ＬＤＫ,60,,,,平成22年,ＳＲＣ,住宅,,,,,商業地域,80.0,600.0,2013年第１四半期,未改装,,7.2552725051033065
18020398,中古マンション等,,18201,福井県,福井市,新田塚,新田塚,5,３ＬＤＫ,70,,,,平成13年,ＲＣ,住宅,,,,,第１種住居地域,60.0,200.0,2009年第３四半期,未改装,,7.146128035678238
18009535,中古マンション等,,18201,福井県,福井市,成和,福井(福井),30分?60分,,50,,,,平成5年,ＲＣ,住宅,住宅,,,,準工業地域,60.0,200.0,2014年第２四半期,改装済,,6.8512583487190755
18022553,中古マンション等,,18201,福井県,福井市,二の宮,福井(福井),30分?60分,,60,,,,平成6年,ＲＣ,住宅,,,,,第２種中高層住居専用地域,60.0,200.0,2008年第１四半期,,調停・競売等,6.897627091290442
18014517,中古マンション等,,18201,福井県,福井市,西開発,越前開発,9,１Ｋ,20,,,,平成2年,ＲＣ,住宅,,,,,第１種住居地域,60.0,200.0,2015年第３四半期,未改装,,6.361727836017593
18002182,中古マンション等,,18201,福井県,福井市,日光,福井(福井),30分?60分,２ＬＤＫ,70,,,,平成4年,ＲＣ,住宅,住宅,,,,第２種中高層住居専用地域,60.0,200.0,2016年第３四半期,未改装,,7.079181246047625
18009813,中古マンション等,,18201,福井県,福井市,北四ツ居,福井(福井),25,４ＬＤＫ,85,,,,平成19年,ＲＣ,住宅,,,,,準工業地域,60.0,200.0,2010年第３四半期,未改装,,7.380211241711606
18001546,中古マンション等,,18201,福井県,福井市,高木町,福井(福井),30分?60分,３ＬＤＫ,60,,,,平成12年,ＲＣ,,住宅,,,,準工業地域,60.0,200.0,2018年第１四半期,未改装,,7.0
18000913,中古マンション等,,18201,福井県,福井市,北四ツ居,福井(福井),29,２ＬＤＫ,65,,,,平成13年,ＲＣ,住宅,,,,,第２種中高層住居専用地域,60.0,200.0,2016年第１四半期,未改装,,7.041392685158225
18020520,中古マンション等,,18201,福井県,福井市,宝永,福井(福井),16,３ＬＤＫ,70,,,,平成17年,ＲＣ,住宅,,,,,近隣商業地域,80.0,300.0,2009年第４四半期,未改装,,7.3222192947339195
18001427,中古マンション等,,18201,福井県,福井市,成和,福井(福井),30分?60分,１Ｋ,20,,,,,ＲＣ,住宅,住宅,,,,準工業地域,60.0,200.0,2016年第３四半期,未改装,,6.3979400086720375
18002281,中古マンション等,,18201,福井県,福井市,二の宮,日華化学前,13,３ＬＤＫ,70,,,,平成13年,ＲＣ,,住宅,,,,第２種中高層住居専用地域,60.0,200.0,2019年第４四半期,未改装,,7.176091259055681
18009768,中古マンション等,,18201,福井県,福井市,西開発,越前開発,9,２ＬＤＫ,50,,,,平成2年,ＲＣ,住宅,住宅,,,,第１種住居地域,60.0,200.0,2014年第３四半期,未改装,,6.5910646070264995
18010360,中古マンション等,,18201,福井県,福井市,日光,,,２ＬＤＫ,50,,,,平成7年,ＲＣ,住宅,,,,,第１種中高層住居専用地域,60.0,200.0,2010年第１四半期,未改装,調停・競売等,6.707570176097937
18016692,中古マンション等,,18201,福井県,福井市,中央,福井(福井),6,３ＬＤＫ,90,,,,平成22年,ＲＣ,住宅,,,,,商業地域,80.0,400.0,2012年第２四半期,,,7.431363764158987
18001590,中古マンション等,,18201,福井県,福井市,高柳,福井(福井),30分?60分,４ＬＤＫ,85,,,,平成13年,ＲＣ,住宅,住宅,,,,準工業地域,60.0,200.0,2017年第２四半期,未改装,,7.230448921378274
18002927,中古マンション等,,18201,福井県,福井市,町屋,まつもと町屋,5,２ＬＤＫ,50,,,,昭和63年,,,その他,,,,準工業地域,60.0,200.0,2017年第４四半期,未改装,調停・競売等,6.431363764158987
18001668,中古マンション等,,18201,福井県,福井市,中央,福井(福井),9,２ＬＤＫ,55,,,,平成22年,ＲＣ,住宅,住宅,,,,商業地域,80.0,400.0,2018年第３四半期,未改装,,7.2552725051033065
18000449,中古マンション等,,18201,福井県,福井市,大手,福井(福井),9,２ＬＤＫ＋Ｓ,70,,,,平成23年,ＲＣ,,住宅,,,,商業地域,80.0,400.0,2020年第１四半期,未改装,,7.414973347970818
18000488,中古マンション等,,18201,福井県,福井市,大宮,田原町(福井),14,３ＬＤＫ,55,,,,平成13年,ＳＲＣ,,住宅,,,,第１種中高層住居専用地域,60.0,200.0,2018年第４四半期,,,6.954242509439325
18014521,中古マンション等,,18201,福井県,福井市,西開発,越前開発,9,２ＬＤＫ,50,,,,平成2年,ＲＣ,住宅,住宅,,,,第１種住居地域,60.0,200.0,2015年第１四半期,未改装,,6.763427993562937
18009811,中古マンション等,,18201,福井県,福井市,北四ツ居,福井(福井),25,３ＬＤＫ,85,,,,平成19年,ＲＣ,住宅,,,,,準工業地域,60.0,200.0,2010年第３四半期,未改装,,7.491361693834273
18014572,中古マンション等,,18201,福井県,福井市,日光,福大前西福井,10,３ＬＤＫ,60,,,,平成7年,ＲＣ,住宅,住宅,,,,第１種中高層住居専用地域,60.0,200.0,2015年第２四半期,未改装,,6.968482948553935
18020460,中古マンション等,,18201,福井県,福井市,日之出,福井(福井),8,３ＬＤＫ,70,,,,平成13年,ＲＣ,住宅,,,,,近隣商業地域,80.0,200.0,2009年第２四半期,未改装,,7.278753600952829
18011551,中古マンション等,,18201,福井県,福井市,中央,福井(福井),7,２ＬＤＫ,65,,,,平成22年,ＲＣ,住宅,,,,,商業地域,80.0,400.0,2011年第３四半期,,,7.278753600952829
18022083,中古マンション等,,18201,福井県,福井市,下馬,福井(福井),30分?60分,３ＬＤＫ,60,,,,平成3年,ＳＲＣ,住宅,,,,,準工業地域,60.0,200.0,2007年第２四半期,未改装,調停・競売等,6.6020599913279625
18009605,中古マンション等,,18201,福井県,福井市,高柳,福井(福井),30分?60分,３ＤＫ,85,,,,平成13年,ＲＣ,住宅,住宅,,,,準工業地域,60.0,200.0,2014年第４四半期,未改装,,7.204119982655925
18014767,中古マンション等,,18201,福井県,福井市,文京,西別院,4,１Ｋ,25,,,,平成2年,ＲＣ,住宅,その他,,,,準工業地域,60.0,200.0,2015年第４四半期,未改装,,6.544068044350276
18018033,中古マンション等,,18201,福井県,福井市,加茂河原,福井(福井),30分?60分,１Ｋ,15,,,,平成3年,ＲＣ,住宅,,,,,近隣商業地域,80.0,200.0,2013年第２四半期,未改装,,5.954242509439325
18010978,中古マンション等,,18201,福井県,福井市,和田東,福井(福井),30分?60分,２ＬＤＫ,60,,,,平成16年,ＳＲＣ,住宅,,,,,準工業地域,60.0,200.0,2010年第２四半期,未改装,,7.146128035678238
18021945,中古マンション等,,18201,福井県,福井市,花月,田原町(福井),7,１Ｋ,15,,,,平成2年,ＲＣ,住宅,,,,,近隣商業地域,80.0,300.0,2008年第４四半期,改装済,,6.544068044350276
18009674,中古マンション等,,18201,福井県,福井市,開発,越前開発,13,４ＬＤＫ,165,,,,平成21年,ＲＣ,住宅,,,,,準工業地域,60.0,200.0,2010年第３四半期,未改装,,7.863322860120456
18018605,中古マンション等,,18201,福井県,福井市,西開発,越前開発,9,１Ｋ,20,,,,平成7年,ＲＣ,住宅,,,,,第１種住居地域,60.0,200.0,2013年第２四半期,改装済,,6.301029995663981
18002734,中古マンション等,,18201,福井県,福井市,文京,西別院,7,３ＬＤＫ,70,,,,平成14年,ＳＲＣ,住宅,住宅,,,,準工業地域,60.0,200.0,2019年第４四半期,未改装,,7.2552725051033065
18003181,中古マンション等,,18201,福井県,福井市,八重巻町,森田,1,４ＬＤＫ,75,,,,平成9年,ＲＣ,住宅,住宅,,,,工業地域,60.0,200.0,2016年第１四半期,未改装,調停・競売等,6.9084850188786495
18011546,中古マンション等,,18201,福井県,福井市,中央,福井(福井),7,１ＤＫ,55,,,,平成22年,ＲＣ,住宅,,,,,商業地域,80.0,400.0,2011年第３四半期,,,7.176091259055681
18001667,中古マンション等,,18201,福井県,福井市,中央,福井(福井),8,１ＬＤＫ,60,,,,平成22年,ＲＣ,住宅,,,,,商業地域,80.0,400.0,2018年第４四半期,改装済,,7.146128035678238
18010370,中古マンション等,,18201,福井県,福井市,新田塚,新田塚,5,４ＬＤＫ,85,,,,平成13年,ＲＣ,住宅,,,,,第１種住居地域,60.0,200.0,2010年第４四半期,未改装,,7.146128035678238
18022080,中古マンション等,,18201,福井県,福井市,下馬,福井(福井),30分?60分,４ＬＤＫ,75,,,,平成3年,ＳＲＣ,住宅,,,,,準工業地域,60.0,200.0,2008年第２四半期,未改装,,7.079181246047625
18019911,中古マンション等,,18201,福井県,福井市,木田町,福井(福井),21,３ＬＤＫ,70,,,,平成10年,ＲＣ,住宅,,,,,準工業地域,60.0,200.0,2009年第１四半期,改装済,,7.146128035678238
18022746,中古マンション等,,18201,福井県,福井市,宝永,福井口,4,３ＬＤＫ,65,,,,平成19年,ＲＣ,住宅,,,,,第１種住居地域,60.0,200.0,2008年第３四半期,未改装,,7.301029995663981
18014313,中古マンション等,,18201,福井県,福井市,高木中央,福井(福井),30分?60分,２ＬＤＫ,75,,,,平成19年,ＲＣ,住宅,住宅,,,,準工業地域,60.0,200.0,2015年第４四半期,未改装,,7.2552725051033065
18010311,中古マンション等,,18201,福井県,福井市,西開発,越前開発,13,２ＬＤＫ,50,,,,昭和64年,ＲＣ,住宅,,,,,準工業地域,60.0,200.0,2010年第３四半期,未改装,,6.7558748556724915
18011557,中古マンション等,,18201,福井県,福井市,中央,福井(福井),6,２ＬＤＫ,65,,,,,ＲＣ,住宅,,,,,商業地域,80.0,400.0,2011年第２四半期,未改装,,7.3222192947339195
18001549,中古マンション等,,18201,福井県,福井市,高木町,福井(福井),30分?60分,３ＬＤＫ,60,,,,平成12年,ＲＣ,住宅,住宅,,,,準工業地域,60.0,500.0,2017年第４四半期,未改装,,6.99563519459755
18009528,中古マンション等,,18201,福井県,福井市,成和,福井(福井),30分?60分,１ＤＫ,30,,,,平成5年,ＳＲＣ,住宅,住宅,,,,準工業地域,60.0,200.0,2014年第４四半期,未改装,,6.4623979978989565
18010984,中古マンション等,,18201,福井県,福井市,木田町,福井(福井),24,３ＬＤＫ,70,,,,平成10年,ＳＲＣ,住宅,,,,,準工業地域,60.0,200.0,2011年第１四半期,未改装,,7.041392685158225
18003228,中古マンション等,,18201,福井県,福井市,四ツ井,福井(福井),20,１Ｋ,20,,,,昭和63年,ＲＣ,住宅,住宅,,,,第１種住居地域,60.0,200.0,2017年第３四半期,改装済,,6.342422680822207
18010612,中古マンション等,,18201,福井県,福井市,文京,西別院,4,２ＬＤＫ,80,,,,昭和64年,ＲＣ,住宅,,,,,準工業地域,60.0,200.0,2010年第２四半期,改装済,,7.146128035678238
18016759,中古マンション等,,18201,福井県,福井市,西開発,越前開発,9,１Ｋ,20,,,,平成2年,ＲＣ,住宅,,,,,第１種住居地域,60.0,200.0,2012年第３四半期,改装済,,5.903089986991944
18000780,中古マンション等,,18201,福井県,福井市,加茂河原,福井(福井),30分?60分,１Ｋ,15,,,,平成3年,ＲＣ,住宅,住宅,,,,近隣商業地域,80.0,200.0,2020年第１四半期,未改装,,6.113943352306837
18010616,中古マンション等,,18201,福井県,福井市,文京,西別院,5,３ＬＤＫ,70,,,,平成17年,ＲＣ,住宅,,,,,準工業地域,60.0,200.0,2010年第１四半期,未改装,,7.278753600952829
18014216,中古マンション等,,18201,福井県,福井市,成和,福井(福井),30分?60分,１ＬＤＫ,30,,,,,ＲＣ,住宅,,,,,準工業地域,60.0,200.0,2015年第４四半期,未改装,,6.477121254719663
18022474,中古マンション等,,18201,福井県,福井市,西開発,越前開発,9,２ＤＫ,80,,,,平成7年,ＲＣ,住宅,,,,,第１種住居地域,60.0,200.0,2008年第１四半期,未改装,調停・競売等,6.556302500767287
18001528,中古マンション等,,18201,福井県,福井市,高木中央,福井(福井),30分?60分,１ＤＫ,35,,,,平成19年,ＲＣ,住宅,住宅,,,,準工業地域,60.0,200.0,2016年第４四半期,未改装,,6.857332496431268
18001813,中古マンション等,,18201,福井県,福井市,問屋町,福井(福井),30分?60分,３ＬＤＫ,70,,,,昭和50年,ＳＲＣ,住宅,その他,,,,準工業地域,60.0,200.0,2017年第２四半期,,,6.146128035678238
18000882,中古マンション等,,18201,福井県,福井市,木田町,赤十字前,6,２ＬＤＫ,65,,,,平成10年,ＲＣ,住宅,住宅,,,,準工業地域,60.0,200.0,2019年第２四半期,未改装,,7.146128035678238
18009538,中古マンション等,,18201,福井県,福井市,成和,福井(福井),29,２ＬＤＫ,65,,,,平成15年,ＳＲＣ,住宅,,,,,準工業地域,60.0,200.0,2014年第１四半期,改装済,,7.146128035678238
18002049,中古マンション等,,18201,福井県,福井市,西方,福井(福井),24,３ＬＤＫ,80,,,,平成20年,ＲＣ,住宅,住宅,,,,第１種住居地域,60.0,200.0,2016年第１四半期,未改装,,7.3222192947339195
18009379,中古マンション等,,18201,福井県,福井市,木田町,福井(福井),19,３ＬＤＫ,75,,,,平成10年,ＲＣ,住宅,住宅,,,,準工業地域,60.0,200.0,2014年第３四半期,未改装,,7.0
18000402,中古マンション等,,18201,福井県,福井市,円山,越前開発,11,４ＬＤＫ,90,,,,平成9年,ＲＣ,住宅,,,,,準工業地域,60.0,200.0,2016年第３四半期,,,7.146128035678238
18018330,中古マンション等,,18201,福井県,福井市,大願寺,福井(福井),30分?60分,４ＬＤＫ,100,,,,平成14年,ＲＣ,住宅,,,,,準工業地域,60.0,200.0,2013年第４四半期,未改装,,7.278753600952829
18009678,中古マンション等,,18201,福井県,福井市,開発,越前開発,13,４ＬＤＫ,110,,,,平成21年,ＲＣ,住宅,,,,,準工業地域,60.0,200.0,2010年第３四半期,未改装,,7.681241237375588
18010271,中古マンション等,,18201,福井県,福井市,豊島,福井(福井),8,１ＬＤＫ,35,,,,昭和64年,ＲＣ,住宅,,,,,近隣商業地域,80.0,200.0,2010年第１四半期,未改装,,6.477121254719663
18018451,中古マンション等,,18201,福井県,福井市,中央,福井(福井),4,１ＬＤＫ＋Ｓ,75,,,,平成22年,ＳＲＣ,住宅,,,,,商業地域,80.0,600.0,2013年第４四半期,未改装,,7.477121254719663
18002853,中古マンション等,,18201,福井県,福井市,宝永,福井口,2,３ＬＤＫ,65,,,,平成19年,ＲＣ,住宅,その他,,,,第１種住居地域,60.0,200.0,2018年第３四半期,未改装,,7.079181246047625
18018642,中古マンション等,,18201,福井県,福井市,日光,福井(福井),30分?60分,２ＬＤＫ,60,,,,平成4年,ＲＣ,住宅,,,,,第２種中高層住居専用地域,60.0,200.0,2013年第４四半期,改装済,,6.913813852383717
18009804,中古マンション等,,18201,福井県,福井市,北四ツ居,福井(福井),30分?60分,４ＬＤＫ,80,,,,平成19年,ＲＣ,住宅,,,,,準工業地域,60.0,200.0,2010年第４四半期,未改装,,7.361727836017593
18002793,中古マンション等,,18201,福井県,福井市,文京,福井(福井),30分?60分,３ＬＤＫ,65,,,,平成9年,ＲＣ,住宅,住宅,,,,第１種中高層住居専用地域,60.0,200.0,2016年第２四半期,改装済,,7.041392685158225
18014225,中古マンション等,,18201,福井県,福井市,成和,福井(福井),25,３ＬＤＫ,80,,,,平成15年,ＳＲＣ,住宅,住宅,,,,準工業地域,60.0,200.0,2015年第３四半期,未改装,,7.204119982655925
18000788,中古マンション等,,18201,福井県,福井市,加茂河原,福井(福井),30分?60分,１Ｒ,15,,,,,ＲＣ,住宅,住宅,,,,近隣商業地域,80.0,200.0,2017年第１四半期,未改装,,6.230448921378274
18001693,中古マンション等,,18201,福井県,福井市,中央,福井(福井),9,２ＬＤＫ,60,,,,平成18年,ＲＣ,住宅,住宅,,,,商業地域,80.0,400.0,2016年第１四半期,未改装,,7.342422680822207
18000784,中古マンション等,,18201,福井県,福井市,加茂河原,福井(福井),30分?60分,１Ｋ,15,,,,平成3年,ＲＣ,住宅,住宅,,,,近隣商業地域,80.0,200.0,2018年第４四半期,改装済,,6.113943352306837
18010672,中古マンション等,,18201,福井県,福井市,宝永,福井(福井),15,３ＬＤＫ,70,,,,平成19年,ＲＣ,住宅,,,,,第１種住居地域,60.0,200.0,2010年第４四半期,未改装,,7.230448921378274
18000628,中古マンション等,,18201,福井県,福井市,花月,福井(福井),25,１Ｋ,15,,,,平成2年,,住宅,住宅,,,,近隣商業地域,80.0,300.0,2018年第２四半期,未改装,,6.361727836017593
18009527,中古マンション等,,18201,福井県,福井市,成和,福井(福井),30分?60分,１Ｋ,20,,,,平成5年,ＲＣ,住宅,住宅,,,,準工業地域,60.0,200.0,2014年第４四半期,改装済,,6.380211241711606
18013886,中古マンション等,,18201,福井県,福井市,木田町,赤十字前,4,３ＬＤＫ,70,,,,平成10年,ＳＲＣ,住宅,住宅,,,,準工業地域,60.0,200.0,2015年第２四半期,未改装,,7.0
18011357,中古マンション等,,18201,福井県,福井市,大願寺,福井(福井),30分?60分,２ＬＤＫ,65,,,,平成14年,ＲＣ,住宅,,,,,準工業地域,60.0,200.0,2011年第４四半期,改装済,,7.079181246047625
18010473,中古マンション等,,18201,福井県,福井市,日之出,新福井,2,４ＬＤＫ,80,,,,平成13年,ＲＣ,住宅,,,,,近隣商業地域,80.0,200.0,2010年第３四半期,未改装,,7.301029995663981
18019816,中古マンション等,,18201,福井県,福井市,開発,福井(福井),30分?60分,３ＬＤＫ,95,,,,平成21年,ＲＣ,住宅,,,,,準工業地域,60.0,200.0,2009年第３四半期,未改装,,7.568201724066995
18001672,中古マンション等,,18201,福井県,福井市,中央,福井(福井),11,３ＬＤＫ,130,,,,平成27年,ＲＣ,,住宅,,,,商業地域,80.0,400.0,2018年第１四半期,未改装,,7.799340549453582
18022064,中古マンション等,,18201,福井県,福井市,経田,八ツ島,18,３ＬＤＫ,75,,,,平成12年,ＲＣ,住宅,,,,,第１種中高層住居専用地域,60.0,200.0,2007年第４四半期,未改装,調停・競売等,7.079181246047625
18019906,中古マンション等,,18201,福井県,福井市,木田町,福井(福井),24,３ＬＤＫ,70,,,,平成10年,ＳＲＣ,住宅,,,,,準工業地域,60.0,200.0,2009年第３四半期,改装済,,7.041392685158225
18002723,中古マンション等,,18201,福井県,福井市,文京,田原町(福井),12,３ＬＤＫ,65,,,,平成13年,ＲＣ,,住宅,,,,第１種中高層住居専用地域,60.0,200.0,2017年第３四半期,改装済,,7.176091259055681
18001990,中古マンション等,,18201,福井県,福井市,西開発,越前開発,11,４ＬＤＫ,85,,,,平成12年,,住宅,住宅,,,,準工業地域,60.0,200.0,2019年第３四半期,未改装,,7.230448921378274
18016917,中古マンション等,,18201,福井県,福井市,文京,西別院,6,３ＬＤＫ,60,,,,平成8年,ＲＣ,住宅,,,,,準工業地域,60.0,200.0,2012年第１四半期,改装済,,6.8750612633917
18018703,中古マンション等,,18201,福井県,福井市,日之出,福井(福井),9,４ＬＤＫ,80,,,,平成13年,ＲＣ,住宅,,,,,近隣商業地域,80.0,200.0,2013年第１四半期,未改装,,7.301029995663981
18014769,中古マンション等,,18201,福井県,福井市,文京,西別院,7,３ＬＤＫ,70,,,,平成14年,ＳＲＣ,住宅,住宅,,,,準工業地域,60.0,200.0,2015年第３四半期,未改装,,7.204119982655925
18018327,中古マンション等,,18201,福井県,福井市,成和,福井(福井),30分?60分,１ＤＫ,25,,,,平成5年,ＳＲＣ,住宅,,,,,準工業地域,60.0,200.0,2013年第１四半期,未改装,調停・競売等,6.176091259055681
18022560,中古マンション等,,18201,福井県,福井市,二の宮,八ツ島,11,３ＬＤＫ,60,,,,平成6年,ＲＣ,住宅,,,,,第２種中高層住居専用地域,60.0,200.0,2008年第４四半期,未改装,調停・競売等,6.57978359661681
18022471,中古マンション等,,18201,福井県,福井市,西開発,越前開発,9,１ＤＫ,20,,,,平成7年,ＲＣ,住宅,,,,,第１種住居地域,60.0,200.0,2008年第２四半期,未改装,,6.447158031342219
18003231,中古マンション等,,18201,福井県,福井市,四ツ井,福井(福井),19,１Ｋ,20,,,,昭和63年,ＲＣ,住宅,住宅,,,,第１種住居地域,60.0,200.0,2016年第１四半期,,,6.278753600952829
18022696,中古マンション等,,18201,福井県,福井市,文京,西別院,4,１Ｋ,25,,,,平成2年,ＲＣ,住宅,,,,,準工業地域,60.0,200.0,2008年第１四半期,未改装,,6.544068044350276
18022279,中古マンション等,,18201,福井県,福井市,高木,福井(福井),30分?60分,３ＬＤＫ,80,,,,平成7年,ＲＣ,住宅,,,,,第１種住居地域,60.0,200.0,2008年第１四半期,未改装,,7.230448921378274
18012305,中古マンション等,,18201,福井県,福井市,南四ツ居,福井(福井),29,３ＬＤＫ,70,,,,平成23年,ＲＣ,住宅,,,,,準工業地域,60.0,200.0,2011年第４四半期,未改装,,7.342422680822207
18011570,中古マンション等,,18201,福井県,福井市,中央,福井(福井),9,２ＬＤＫ,65,,,,平成22年,ＲＣ,住宅,,,,,商業地域,80.0,600.0,2011年第１四半期,未改装,,7.447158031342219
18014542,中古マンション等,,18201,福井県,福井市,西谷,越前花堂,12,３ＬＤＫ,65,,,,平成2年,ＲＣ,住宅,住宅,,,,工業地域,60.0,200.0,2015年第１四半期,未改装,,6.812913356642856
18011542,中古マンション等,,18201,福井県,福井市,中央,福井(福井),7,１ＬＤＫ,55,,,,平成22年,ＲＣ,住宅,,,,,商業地域,80.0,400.0,2011年第３四半期,,,7.301029995663981
18001482,中古マンション等,,18201,福井県,福井市,高木,森田,20,３ＬＤＫ,80,,,,平成7年,ＲＣ,住宅,住宅,,,,第１種住居地域,60.0,200.0,2019年第３四半期,改装済,,7.204119982655925
18009771,中古マンション等,,18201,福井県,福井市,西開発,越前開発,9,１Ｋ,25,,,,平成2年,ＲＣ,住宅,住宅,,,,第１種住居地域,60.0,200.0,2014年第２四半期,未改装,,6.230448921378274
18009761,中古マンション等,,18201,福井県,福井市,西開発,越前開発,9,２ＬＤＫ,50,,,,平成2年,ＲＣ,住宅,,,,,第１種住居地域,60.0,200.0,2014年第４四半期,未改装,,6.653212513775344
18002629,中古マンション等,,18201,福井県,福井市,渕,赤十字前,30分?60分,３ＬＤＫ,60,,,,平成6年,ＲＣ,,住宅,,,,準工業地域,60.0,200.0,2017年第４四半期,未改装,,7.0
18014222,中古マンション等,,18201,福井県,福井市,成和,福井(福井),30分?60分,２ＬＤＫ,50,,,,平成5年,ＲＣ,住宅,,,,,準工業地域,60.0,200.0,2015年第４四半期,未改装,,6.812913356642856
18021917,中古マンション等,,18201,福井県,福井市,大和田町,福井(福井),1H?1H30,２ＬＤＫ,55,,,,平成14年,ＳＲＣ,住宅,,,,,準工業地域,60.0,200.0,2008年第１四半期,未改装,,7.146128035678238
18002330,中古マンション等,,18201,福井県,福井市,二の宮,まつもと町屋,15,３ＬＤＫ,105,,,,平成20年,ＲＣ,住宅,住宅,,,,準工業地域,60.0,200.0,2018年第２四半期,,,7.361727836017593
18014830,中古マンション等,,18201,福井県,福井市,宝永,福井(福井),16,１ＤＫ,30,,,,昭和64年,ＲＣ,住宅,住宅,,,,第１種住居地域,60.0,200.0,2015年第１四半期,未改装,,6.301029995663981
18001671,中古マンション等,,18201,福井県,福井市,中央,福井(福井),9,３ＬＤＫ,80,,,,平成22年,ＲＣ,,住宅,,,,商業地域,80.0,600.0,2018年第１四半期,改装済,,7.477121254719663
18013914,中古マンション等,,18201,福井県,福井市,経田,福井(福井),30分?60分,３ＬＤＫ,70,,,,平成12年,ＲＣ,住宅,住宅,,,,第１種中高層住居専用地域,60.0,200.0,2015年第１四半期,未改装,,7.146128035678238
18016694,中古マンション等,,18201,福井県,福井市,中央,福井(福井),6,３ＬＤＫ,90,,,,平成22年,ＲＣ,住宅,,,,,商業地域,80.0,400.0,2012年第２四半期,未改装,,7.447158031342219
18009689,中古マンション等,,18201,福井県,福井市,問屋町,福井(福井),30分?60分,３ＬＤＫ,70,,,,昭和60年,ＳＲＣ,住宅,住宅,,,,準工業地域,60.0,200.0,2014年第４四半期,未改装,,6.301029995663981
18021876,中古マンション等,,18201,福井県,福井市,大手,福井(福井),4,３ＬＤＫ,85,,,,平成15年,ＳＲＣ,住宅,,,,,商業地域,80.0,600.0,2008年第３四半期,未改装,,7.414973347970818
18018743,中古マンション等,,18201,福井県,福井市,文京,西別院,4,１Ｋ,25,,,,平成2年,ＲＣ,住宅,,,,,準工業地域,60.0,200.0,2013年第３四半期,改装済,,6.301029995663981
18010310,中古マンション等,,18201,福井県,福井市,西開発,越前開発,11,３ＬＤＫ,80,,,,平成13年,ＲＣ,住宅,,,,,準工業地域,60.0,200.0,2010年第３四半期,改装済,,7.176091259055681
18022063,中古マンション等,,18201,福井県,福井市,経田,八ツ島,18,３ＬＤＫ,75,,,,平成12年,ＲＣ,住宅,,,,,第１種中高層住居専用地域,60.0,200.0,2008年第２四半期,未改装,,7.2552725051033065
18018465,中古マンション等,,18201,福井県,福井市,中央,福井(福井),5,２ＬＤＫ,70,,,,平成22年,ＳＲＣ,住宅,,,,,商業地域,80.0,600.0,2013年第２四半期,未改装,,7.447158031342219
18010075,中古マンション等,,18201,福井県,福井市,宝永,福井(福井),18,１ＤＫ,20,,,,平成11年,鉄骨造,住宅,その他,,,,近隣商業地域,80.0,300.0,2014年第４四半期,改装済,,6.301029995663981
18010154,中古マンション等,,18201,福井県,福井市,中央,福井(福井),9,３ＬＤＫ,95,,,,平成22年,ＲＣ,住宅,,,,,商業地域,80.0,600.0,2010年第４四半期,未改装,,7.623249290397901
18010495,中古マンション等,,18201,福井県,福井市,日之出,福井(福井),,２ＬＤＫ,45,,,,平成3年,ＳＲＣ,住宅,,,,,近隣商業地域,80.0,200.0,2010年第１四半期,改装済,,6.826074802700826
18018454,中古マンション等,,18201,福井県,福井市,中央,福井(福井),4,５ＬＤＫ＋Ｓ,115,,,,平成22年,ＲＣ,住宅,,,,,商業地域,80.0,600.0,2013年第４四半期,改装済,,7.690196080028514
18012150,中古マンション等,,18201,福井県,福井市,文京,日華化学前,6,,65,,,,平成13年,ＲＣ,住宅,,,,,第１種住居地域,60.0,200.0,2011年第４四半期,未改装,,7.2552725051033065
18002051,中古マンション等,,18201,福井県,福井市,西木田,花堂,26,３ＬＤＫ,60,,,,平成7年,ＲＣ,住宅,住宅,,,,第１種住居地域,60.0,200.0,2016年第２四半期,未改装,,6.698970004336019
18022885,中古マンション等,,18201,福井県,福井市,四ツ井,福井(福井),20,１Ｋ,25,,,,平成2年,ＲＣ,住宅,,,,,第１種住居地域,60.0,200.0,2008年第１四半期,改装済,,6.653212513775344
18014705,中古マンション等,,18201,福井県,福井市,日之出,福井(福井),8,２ＬＤＫ,45,,,,平成3年,ＳＲＣ,住宅,住宅,,,,近隣商業地域,80.0,200.0,2015年第１四半期,改装済,,6.886490725172482
18009775,中古マンション等,,18201,福井県,福井市,西開発,越前開発,9,１Ｋ,20,,,,平成2年,ＲＣ,住宅,,,,,第１種住居地域,60.0,200.0,2014年第１四半期,改装済,,6.447158031342219
18002932,中古マンション等,,18201,福井県,福井市,町屋,まつもと町屋,5,２ＬＤＫ,60,,,,昭和63年,ＲＣ,住宅,住宅,,,,準工業地域,60.0,200.0,2016年第１四半期,未改装,,6.740362689494244
18002978,中古マンション等,,18201,福井県,福井市,松本,福井口,2,２ＬＤＫ,55,,,,平成5年,ＲＣ,住宅,住宅,,,,第１種住居地域,60.0,200.0,2016年第１四半期,未改装,調停・競売等,6.6127838567197355
18001157,中古マンション等,,18201,福井県,福井市,志比口,福井(福井),21,１ＬＤＫ,55,,,,平成20年,ＲＣ,住宅,,,,,準工業地域,60.0,200.0,2016年第１四半期,未改装,,7.041392685158225
18022023,中古マンション等,,18201,福井県,福井市,木田,赤十字前,15,４ＬＤＫ,90,,,,平成12年,ＲＣ,住宅,,,,,第１種住居地域,60.0,200.0,2008年第１四半期,未改装,,7.380211241711606
18016169,中古マンション等,,18201,福井県,福井市,開発,越前開発,13,３ＬＤＫ,100,,,,平成21年,ＲＣ,住宅,,,,,準工業地域,60.0,200.0,2012年第３四半期,未改装,,7.431363764158987
18010718,中古マンション等,,18201,福井県,福井市,町屋,福井(福井),30分?60分,２ＤＫ,50,,,,平成11年,ＲＣ,住宅,,,,,準工業地域,60.0,200.0,2010年第１四半期,未改装,調停・競売等,6.770852011642144
18016693,中古マンション等,,18201,福井県,福井市,中央,福井(福井),6,３ＬＤＫ,80,,,,平成22年,ＲＣ,住宅,,,,,商業地域,80.0,400.0,2012年第２四半期,,,7.361727836017593
18018608,中古マンション等,,18201,福井県,福井市,西開発,越前開発,9,１ＤＫ,20,,,,平成2年,ＲＣ,住宅,,,,,第１種住居地域,60.0,200.0,2013年第１四半期,改装済,,6.380211241711606
18000357,中古マンション等,,18201,福井県,福井市,江端町,江端,6,３ＬＤＫ,65,,,,平成9年,ＳＲＣ、ＲＣ,住宅,住宅,,,,準工業地域,60.0,200.0,2016年第３四半期,改装済,,7.146128035678238
18010083,中古マンション等,,18201,福井県,福井市,宝永,福井口,6,１ＤＫ,25,,,,昭和64年,ＲＣ,住宅,住宅,,,,第１種住居地域,60.0,200.0,2014年第３四半期,未改装,,6.3979400086720375
18002939,中古マンション等,,18201,福井県,福井市,松本,田原町(福井),1,３ＬＤＫ,65,,,,平成11年,ＳＲＣ,,住宅,,,,近隣商業地域,80.0,200.0,2020年第１四半期,未改装,,7.204119982655925
18010474,中古マンション等,,18201,福井県,福井市,日之出,新福井,1,１ＤＫ,35,,,,平成3年,ＳＲＣ,住宅,,,,,近隣商業地域,80.0,200.0,2010年第３四半期,改装済,,6.698970004336019
18012139,中古マンション等,,18201,福井県,福井市,文京,西別院,5,２ＬＤＫ,55,,,,平成8年,ＲＣ,住宅,,,,,準工業地域,60.0,200.0,2011年第２四半期,,,6.954242509439325
18002550,中古マンション等,,18201,福井県,福井市,日之出,新福井,1,２ＬＤＫ,45,,,,平成3年,ＳＲＣ,住宅,住宅,,,,商業地域,80.0,400.0,2017年第１四半期,未改装,,6.778151250383644
18014819,中古マンション等,,18201,福井県,福井市,宝永,福井(福井),11,３ＬＤＫ,70,,,,平成17年,ＲＣ,住宅,住宅,,,,近隣商業地域,80.0,300.0,2015年第４四半期,未改装,,7.3222192947339195
18009606,中古マンション等,,18201,福井県,福井市,高柳,福井(福井),30分?60分,３ＤＫ,70,,,,平成13年,ＲＣ,住宅,住宅,,,,準工業地域,60.0,200.0,2014年第４四半期,改装済,調停・競売等,7.079181246047625
18009400,中古マンション等,,18201,福井県,福井市,下馬,福井(福井),30分?60分,３ＬＤＫ,65,,,,平成3年,ＳＲＣ,住宅,住宅,,,,準工業地域,60.0,200.0,2014年第４四半期,未改装,,6.812913356642856
18020507,中古マンション等,,18201,福井県,福井市,文京,日華化学前,17,３ＬＤＫ,70,,,,平成8年,ＲＣ,住宅,,,,,第１種中高層住居専用地域,60.0,200.0,2009年第４四半期,未改装,,6.903089986991944
18014317,中古マンション等,,18201,福井県,福井市,高木中央,福井(福井),30分?60分,２ＬＤＫ,50,,,,平成11年,ＲＣ,住宅,住宅,,,,準工業地域,60.0,200.0,2015年第３四半期,改装済,,7.041392685158225
18013910,中古マンション等,,18201,福井県,福井市,経田,福井(福井),30分?60分,４ＬＤＫ,75,,,,平成12年,ＲＣ,住宅,住宅,,,,第１種中高層住居専用地域,60.0,200.0,2015年第３四半期,未改装,調停・競売等,7.113943352306837
18002806,中古マンション等,,18201,福井県,福井市,文京,福大前西福井,23,３ＬＤＫ,80,,,,平成9年,ＲＣ,住宅,住宅,,,,第１種中高層住居専用地域,60.0,200.0,2017年第４四半期,改装済,,7.0
18016725,中古マンション等,,18201,福井県,福井市,問屋町,福井(福井),30分?60分,３ＬＤＫ,70,,,,昭和50年,ＳＲＣ,住宅,,,,,準工業地域,60.0,200.0,2012年第１四半期,未改装,,6.4623979978989565
18010726,中古マンション等,,18201,福井県,福井市,大手,福井(福井),4,２ＬＤＫ,80,,,,平成15年,ＳＲＣ,住宅,,,,,商業地域,80.0,600.0,2011年第２四半期,改装済,,7.230448921378274
18016275,中古マンション等,,18201,福井県,福井市,木田町,赤十字前,4,３ＬＤＫ,80,,,,平成11年,ＳＲＣ,住宅,,,,,準工業地域,60.0,150.0,2012年第２四半期,未改装,,7.113943352306837
18018474,中古マンション等,,18201,福井県,福井市,中央,福井(福井),5,１ＬＤＫ,55,,,,平成22年,ＳＲＣ,住宅,,,,,商業地域,80.0,600.0,2013年第１四半期,未改装,,7.301029995663981
18016841,中古マンション等,,18201,福井県,福井市,日之出,新福井,2,２ＬＤＫ,45,,,,平成3年,ＳＲＣ,住宅,,,,,近隣商業地域,80.0,200.0,2012年第４四半期,未改装,,6.778151250383644
18010749,中古マンション等,,18201,福井県,福井市,松本,福井口,10,３ＬＤＫ,65,,,,平成10年,ＲＣ,住宅,,,,,第１種住居地域,60.0,200.0,2010年第４四半期,改装済,,7.079181246047625
18010218,中古マンション等,,18201,福井県,福井市,米松,福井(福井),28,１Ｋ,25,,,,平成17年,ＲＣ,住宅,,,,,準工業地域,60.0,200.0,2014年第３四半期,未改装,,6.653212513775344
18002788,中古マンション等,,18201,福井県,福井市,文京,福井(福井),30分?60分,４ＬＤＫ,95,,,,平成9年,ＲＣ,住宅,住宅,,,,第１種中高層住居専用地域,60.0,200.0,2018年第２四半期,改装済,,7.230448921378274
18000989,中古マンション等,,18201,福井県,福井市,下馬,福井(福井),30分?60分,３ＬＤＫ,60,,,,平成3年,ＲＣ,住宅,住宅,,,,準工業地域,60.0,200.0,2016年第１四半期,未改装,,6.845098040014257
18002003,中古マンション等,,18201,福井県,福井市,西開発,越前開発,14,３ＤＫ,50,,,,昭和64年,ＲＣ,住宅,住宅,,,,準工業地域,60.0,200.0,2016年第１四半期,未改装,,6.698970004336019
18011558,中古マンション等,,18201,福井県,福井市,中央,福井(福井),8,３ＬＤＫ,80,,,,平成22年,ＲＣ,住宅,,,,,商業地域,80.0,400.0,2011年第２四半期,未改装,,7.568201724066995
18001412,中古マンション等,,18201,福井県,福井市,成和,福井(福井),30分?60分,１Ｋ,20,,,,平成5年,ＳＲＣ、ＲＣ,住宅,その他,,,,準工業地域,60.0,200.0,2019年第２四半期,未改装,,6.431363764158987
18001669,中古マンション等,,18201,福井県,福井市,中央,福井(福井),4,１ＬＤＫ,55,,,,平成22年,ＳＲＣ,,住宅,,,,商業地域,80.0,600.0,2018年第３四半期,未改装,,7.2552725051033065
18009784,中古マンション等,,18201,福井県,福井市,西方,福井(福井),24,４ＬＤＫ,75,,,,平成10年,ＲＣ,住宅,その他,,,,準工業地域,60.0,200.0,2014年第４四半期,未改装,調停・競売等,6.986771734266245
18012304,中古マンション等,,18201,福井県,福井市,南四ツ居,福井(福井),29,３ＬＤＫ,85,,,,平成23年,ＲＣ,住宅,,,,,準工業地域,60.0,200.0,2011年第４四半期,未改装,,7.447158031342219
18022277,中古マンション等,,18201,福井県,福井市,高木,福井(福井),30分?60分,３ＬＤＫ,70,,,,平成7年,ＲＣ,住宅,,,,,第１種住居地域,60.0,200.0,2008年第３四半期,改装済,,7.0
18014692,中古マンション等,,18201,福井県,福井市,日之出,新福井,3,３ＬＤＫ,85,,,,平成13年,ＲＣ,住宅,,,,,近隣商業地域,80.0,200.0,2015年第３四半期,未改装,,7.204119982655925
18018835,中古マンション等,,18201,福井県,福井市,四ツ井,福井(福井),23,１Ｋ,20,,,,昭和63年,ＲＣ,住宅,,,,,第１種住居地域,60.0,200.0,2013年第２四半期,未改装,,6.0
18010047,中古マンション等,,18201,福井県,福井市,成和,福井(福井),24,２ＬＤＫ,65,,,,平成15年,ＳＲＣ,住宅,,,,,準工業地域,60.0,200.0,2010年第２四半期,未改装,,6.079181246047625
18011766,中古マンション等,,18201,福井県,福井市,西開発,越前開発,9,１Ｋ,20,,,,平成2年,ＲＣ,住宅,,,,,第１種住居地域,60.0,200.0,2011年第４四半期,未改装,,6.361727836017593
18011569,中古マンション等,,18201,福井県,福井市,中央,福井(福井),9,２ＬＤＫ,70,,,,平成22年,ＲＣ,住宅,,,,,商業地域,80.0,600.0,2011年第１四半期,未改装,,7.431363764158987
18001811,中古マンション等,,18201,福井県,福井市,問屋町,福井(福井),30分?60分,４ＬＤＫ,80,,,,昭和50年,ＳＲＣ,住宅,住宅,,,,準工業地域,60.0,200.0,2017年第３四半期,未改装,,6.57978359661681
18011563,中古マンション等,,18201,福井県,福井市,中央,福井(福井),4,１ＬＤＫ,65,,,,平成22年,ＳＲＣ,住宅,,,,,商業地域,80.0,600.0,2011年第２四半期,改装済,,7.361727836017593
18001150,中古マンション等,,18201,福井県,福井市,志比口,福井(福井),21,２ＤＫ,55,,,,平成20年,ＲＣ,,住宅,,,,準工業地域,60.0,200.0,2020年第３四半期,改装済,,7.204119982655925
18021944,中古マンション等,,18201,福井県,福井市,花月,仁愛女子高校,9,１Ｋ,20,,,,平成2年,ＲＣ,住宅,,,,,近隣商業地域,80.0,300.0,2008年第３四半期,未改装,,6.0
18000908,中古マンション等,,18201,福井県,福井市,北四ツ居,福井(福井),27,３ＬＤＫ,85,,,,平成13年,ＲＣ,,住宅,,,,第２種中高層住居専用地域,60.0,200.0,2017年第４四半期,改装済,,7.278753600952829
18017902,中古マンション等,,18201,福井県,福井市,大宮,田原町(福井),13,４ＬＤＫ,80,,,,平成13年,ＲＣ,住宅,,,,,第１種中高層住居専用地域,60.0,200.0,2013年第１四半期,改装済,,7.204119982655925
18022697,中古マンション等,,18201,福井県,福井市,文京,西別院,4,３ＬＤＫ,85,,,,昭和64年,ＲＣ,住宅,,,,,準工業地域,60.0,200.0,2007年第４四半期,未改装,,7.176091259055681
18018455,中古マンション等,,18201,福井県,福井市,中央,福井(福井),4,２ＬＤＫ,70,,,,平成22年,ＳＲＣ,住宅,,,,,商業地域,80.0,600.0,2013年第４四半期,,,7.447158031342219
18012140,中古マンション等,,18201,福井県,福井市,文京,西別院,4,３ＬＤＫ,60,,,,平成8年,ＲＣ,住宅,,,,,準工業地域,60.0,200.0,2011年第１四半期,未改装,調停・競売等,6.57978359661681
18022219,中古マンション等,,18201,福井県,福井市,城東,福井(福井),16,３ＬＤＫ,70,,,,平成8年,ＲＣ,住宅,,,,,第１種中高層住居専用地域,60.0,200.0,2007年第２四半期,改装済,,7.079181246047625
18010045,中古マンション等,,18201,福井県,福井市,成和,福井(福井),30分?60分,２ＬＤＫ,50,,,,平成5年,ＲＣ,住宅,,,,,準工業地域,60.0,200.0,2010年第４四半期,改装済,,6.913813852383717
18000886,中古マンション等,,18201,福井県,福井市,木田町,赤十字前,6,２ＬＤＫ,55,,,,平成10年,ＲＣ,住宅,その他,,,,準工業地域,60.0,200.0,2016年第４四半期,未改装,,6.903089986991944
18016682,中古マンション等,,18201,福井県,福井市,中央,福井(福井),5,,20,,,,平成22年,ＳＲＣ,その他,,,,,商業地域,80.0,600.0,2012年第４四半期,改装済,,6.623249290397901
18022735,中古マンション等,,18201,福井県,福井市,宝永,福井(福井),11,３ＬＤＫ,80,,,,平成17年,ＲＣ,住宅,,,,,近隣商業地域,80.0,300.0,2008年第２四半期,未改装,,7.361727836017593
18003225,中古マンション等,,18201,福井県,福井市,四ツ井,福井(福井),21,１Ｋ,20,,,,昭和63年,ＲＣ,,住宅,,,,第１種住居地域,60.0,200.0,2018年第２四半期,改装済,,6.2552725051033065
18016683,中古マンション等,,18201,福井県,福井市,中央,福井(福井),5,２ＬＤＫ,70,,,,,ＲＣ,住宅,,,,,商業地域,80.0,600.0,2012年第４四半期,改装済,,7.447158031342219
18016697,中古マンション等,,18201,福井県,福井市,中央,福井(福井),4,２ＬＤＫ,70,,,,平成22年,ＳＲＣ,住宅,,,,,商業地域,80.0,600.0,2012年第１四半期,未改装,,7.431363764158987
18002826,中古マンション等,,18201,福井県,福井市,宝永,福井(福井),16,２ＬＤＫ,45,,,,昭和64年,ＳＲＣ,,その他,,,,第１種住居地域,60.0,200.0,2020年第１四半期,未改装,,6.3979400086720375
18009874,中古マンション等,,18201,福井県,福井市,二の宮,福井(福井),30分?60分,２ＬＤＫ,100,,,,平成20年,ＲＣ,住宅,住宅,,,,準工業地域,60.0,200.0,2014年第２四半期,改装済,,7.4623979978989565
18002324,中古マンション等,,18201,福井県,福井市,二の宮,福井(福井),30分?60分,３ＬＤＫ,75,,,,平成4年,ＲＣ,住宅,住宅,,,,第２種中高層住居専用地域,60.0,200.0,2016年第３四半期,未改装,,7.0
18016758,中古マンション等,,18201,福井県,福井市,西開発,越前開発,9,１Ｋ,20,,,,平成2年,ＲＣ,住宅,,,,,第１種住居地域,60.0,200.0,2012年第３四半期,,,6.0
18016704,中古マンション等,,18201,福井県,福井市,つくも,福井(福井),15,２ＬＤＫ,65,,,,平成18年,ＲＣ,住宅,,,,,近隣商業地域,80.0,300.0,2012年第４四半期,未改装,,7.230448921378274
18016760,中古マンション等,,18201,福井県,福井市,西開発,越前開発,9,１Ｋ,20,,,,平成2年,ＲＣ,住宅,,,,,第１種住居地域,60.0,200.0,2012年第３四半期,改装済,,5.8750612633917
18009966,中古マンション等,,18201,福井県,福井市,日之出,福井(福井),6,２ＬＤＫ,45,,,,平成3年,ＳＲＣ,住宅,,,,,近隣商業地域,80.0,200.0,2014年第１四半期,未改装,,6.892094602690481
18019785,中古マンション等,,18201,福井県,福井市,大宮,田原町(福井),13,３ＬＤＫ,55,,,,平成13年,ＲＣ,住宅,,,,,第１種中高層住居専用地域,60.0,200.0,2009年第１四半期,未改装,,6.973127853599698
18009714,中古マンション等,,18201,福井県,福井市,春日,福井(福井),15,３ＬＤＫ,85,,,,平成20年,ＲＣ,住宅,,,,,第１種住居地域,60.0,200.0,2010年第１四半期,未改装,,7.447158031342219
18009965,中古マンション等,,18201,福井県,福井市,日之出,福井(福井),9,４ＬＤＫ,80,,,,平成13年,ＲＣ,住宅,,,,,近隣商業地域,80.0,200.0,2014年第１四半期,未改装,,7.204119982655925
18020485,中古マンション等,,18201,福井県,福井市,渕,福井(福井),30分?60分,３ＬＤＫ,75,,,,平成12年,ＲＣ,住宅,,,,,第１種住居地域,60.0,200.0,2009年第２四半期,改装済,,7.146128035678238
18009809,中古マンション等,,18201,福井県,福井市,北四ツ居,福井(福井),25,３ＬＤＫ,80,,,,平成19年,ＲＣ,住宅,,,,,準工業地域,60.0,200.0,2010年第３四半期,未改装,,7.3979400086720375
18010309,中古マンション等,,18201,福井県,福井市,西開発,越前開発,11,３ＬＤＫ,70,,,,平成13年,ＲＣ,住宅,,,,,準工業地域,60.0,200.0,2010年第４四半期,未改装,,7.146128035678238
18010797,中古マンション等,,18201,福井県,福井市,開発,越前開発,13,２ＬＤＫ,75,,,,平成21年,ＲＣ,住宅,,,,,準工業地域,60.0,200.0,2011年第１四半期,未改装,,7.3979400086720375
18001687,中古マンション等,,18201,福井県,福井市,中央,福井(福井),8,３ＬＤＫ,90,,,,平成22年,ＲＣ,住宅,その他,,,,商業地域,80.0,400.0,2016年第３四半期,未改装,調停・競売等,7.505149978319906
18000875,中古マンション等,,18201,福井県,福井市,木田町,赤十字前,4,３ＬＤＫ,65,,,,平成10年,ＳＲＣ,住宅,住宅,,,,準工業地域,60.0,200.0,2019年第４四半期,未改装,,6.740362689494244
18010039,中古マンション等,,18201,福井県,福井市,文京,西別院,4,３ＬＤＫ,80,,,,昭和64年,ＲＣ,住宅,住宅,,,,準工業地域,60.0,200.0,2014年第４四半期,未改装,,7.0
18011613,中古マンション等,,18201,福井県,福井市,つくも,福井(福井),17,３ＬＤＫ,70,,,,平成11年,ＳＲＣ,住宅,,,,,近隣商業地域,80.0,300.0,2011年第３四半期,未改装,,7.146128035678238
18010153,中古マンション等,,18201,福井県,福井市,中央,福井(福井),4,１ＬＤＫ,60,,,,平成22年,ＳＲＣ,住宅,,,,,商業地域,80.0,600.0,2010年第４四半期,未改装,,7.301029995663981
18002747,中古マンション等,,18201,福井県,福井市,文京,西別院,6,４ＬＤＫ,90,,,,平成8年,ＲＣ,,住宅,,,,準工業地域,60.0,200.0,2017年第３四半期,改装済,,7.079181246047625
18002418,中古マンション等,,18201,福井県,福井市,花堂南,ベル前,5,,45,,,,平成10年,ＲＣ,,住宅,,,,準工業地域,60.0,200.0,2020年第２四半期,未改装,,6.897627091290442
18009312,中古マンション等,,18201,福井県,福井市,大宮,福井(福井),30分?60分,３ＬＤＫ,75,,,,平成13年,ＲＣ,住宅,住宅,,,,第１種中高層住居専用地域,60.0,200.0,2014年第２四半期,,,7.146128035678238
18020394,中古マンション等,,18201,福井県,福井市,日光,福大前西福井,11,３ＬＤＫ,75,,,,平成7年,ＲＣ,住宅,,,,,第１種中高層住居専用地域,60.0,200.0,2009年第１四半期,未改装,,7.079181246047625
18018741,中古マンション等,,18201,福井県,福井市,文京,西別院,4,３ＬＤＫ,80,,,,昭和64年,ＲＣ,住宅,,,,,準工業地域,60.0,200.0,2013年第４四半期,未改装,,7.041392685158225
18001327,中古マンション等,,18201,福井県,福井市,城東,福井(福井),15,３ＬＤＫ,60,,,,平成8年,ＲＣ,住宅,住宅,,,,第１種中高層住居専用地域,60.0,200.0,2020年第３四半期,未改装,,6.977723605288848
18011337,中古マンション等,,18201,福井県,福井市,成和,福井(福井),25,２ＬＤＫ＋Ｓ,65,,,,平成15年,ＳＲＣ,住宅,,,,,準工業地域,60.0,200.0,2011年第４四半期,未改装,,7.146128035678238
18016930,中古マンション等,,18201,福井県,福井市,文京,福井(福井),30分?60分,３ＬＤＫ,70,,,,平成13年,ＲＣ,住宅,,,,,第１種住居地域,60.0,200.0,2012年第１四半期,未改装,,7.176091259055681
18014828,中古マンション等,,18201,福井県,福井市,宝永,福井(福井),16,３ＬＤＫ,55,,,,昭和64年,ＲＣ,住宅,住宅,,,,第１種住居地域,60.0,200.0,2015年第２四半期,改装済,,6.944482672150168
18014847,中古マンション等,,18201,福井県,福井市,町屋,福井(福井),28,２ＬＤＫ,85,,,,昭和64年,ＲＣ,住宅,住宅,,,,第１種住居地域,60.0,200.0,2015年第１四半期,改装済,,6.924279286061882
18013900,中古マンション等,,18201,福井県,福井市,北四ツ居,福井(福井),30分?60分,４ＬＤＫ,80,,,,平成19年,ＲＣ,住宅,住宅,,,,準工業地域,60.0,200.0,2015年第１四半期,未改装,,7.380211241711606
18000626,中古マンション等,,18201,福井県,福井市,花月,福井(福井),25,１Ｋ,20,,,,平成2年,,,住宅,,,,近隣商業地域,80.0,300.0,2018年第３四半期,未改装,,6.342422680822207
18011554,中古マンション等,,18201,福井県,福井市,中央,福井(福井),7,３ＬＤＫ,90,,,,平成22年,ＲＣ,住宅,,,,,商業地域,80.0,400.0,2011年第３四半期,,,7.414973347970818
18013896,中古マンション等,,18201,福井県,福井市,北四ツ居,福井(福井),30分?60分,３ＬＤＫ,70,,,,平成19年,ＲＣ,住宅,住宅,,,,準工業地域,60.0,200.0,2015年第２四半期,未改装,,7.278753600952829
18019896,中古マンション等,,18201,福井県,福井市,木田,福井(福井),30分?60分,２ＬＤＫ,65,,,,平成12年,ＲＣ,住宅,,,,,第１種住居地域,60.0,200.0,2009年第１四半期,未改装,,7.176091259055681
18010675,中古マンション等,,18201,福井県,福井市,宝永,福井(福井),15,１ＤＫ,25,,,,昭和64年,ＲＣ,住宅,,,,,第１種住居地域,60.0,200.0,2010年第３四半期,未改装,,6.3979400086720375
18010213,中古マンション等,,18201,福井県,福井市,四ツ井,福井口,7,１Ｋ,20,,,,昭和63年,ＲＣ,住宅,住宅,,,,第１種住居地域,60.0,200.0,2014年第２四半期,,,6.176091259055681
18003233,中古マンション等,,18201,福井県,福井市,四ツ井,福井口,8,１Ｋ,20,,,,昭和63年,ＲＣ,住宅,その他,,,,第１種住居地域,60.0,200.0,2018年第３四半期,未改装,,6.301029995663981
18001994,中古マンション等,,18201,福井県,福井市,西開発,越前開発,9,１Ｋ,20,,,,平成2年,ＲＣ,,住宅,,,,第１種住居地域,60.0,200.0,2018年第１四半期,未改装,,6.380211241711606
18002656,中古マンション等,,18201,福井県,福井市,渕,福井(福井),1H?1H30,３ＬＤＫ,70,,,,平成12年,ＲＣ,住宅,住宅,,,,第１種住居地域,60.0,200.0,2016年第４四半期,改装済,,7.176091259055681
18000876,中古マンション等,,18201,福井県,福井市,木田町,赤十字前,11,３ＬＤＫ,65,,,,平成10年,ＳＲＣ,住宅,住宅,,,,準工業地域,60.0,200.0,2019年第４四半期,改装済,,7.041392685158225
18002412,中古マンション等,,18201,福井県,福井市,花堂南,花堂,6,２ＬＤＫ,45,,,,,ＲＣ,住宅,,,,,準工業地域,60.0,200.0,2019年第３四半期,未改装,,6.633468455579586
18002955,中古マンション等,,18201,福井県,福井市,松本,福井(福井),25,３ＬＤＫ,85,,,,平成11年,ＳＲＣ,住宅,住宅,,,,近隣商業地域,80.0,300.0,2019年第３四半期,未改装,,7.204119982655925
18003070,中古マンション等,,18201,福井県,福井市,南四ツ居,福井(福井),25,３ＬＤＫ,85,,,,平成23年,ＲＣ,住宅,住宅,,,,準工業地域,60.0,200.0,2018年第３四半期,,,7.414973347970818
18000657,中古マンション等,,18201,福井県,福井市,春日,福井(福井),14,１ＬＤＫ,55,,,,平成20年,ＲＣ,住宅,住宅,,,,第１種住居地域,60.0,200.0,2017年第４四半期,改装済,,7.113943352306837
18016688,中古マンション等,,18201,福井県,福井市,中央,福井(福井),4,４ＬＤＫ,125,,,,平成22年,ＲＣ,住宅,,,,,商業地域,80.0,600.0,2012年第３四半期,,,7.698970004336019
18014070,中古マンション等,,18201,福井県,福井市,志比口,福井口,6,１Ｋ,25,,,,,ＲＣ,住宅,,,,,準工業地域,60.0,200.0,2015年第４四半期,未改装,,6.740362689494244
18002362,中古マンション等,,18201,福井県,福井市,二の宮,八ツ島,12,４ＬＤＫ,90,,,,平成6年,ＲＣ,住宅,住宅,,,,第２種中高層住居専用地域,60.0,200.0,2016年第１四半期,未改装,,7.176091259055681
18016781,中古マンション等,,18201,福井県,福井市,西谷,花堂,12,４ＬＤＫ,60,,,,平成2年,ＲＣ,住宅,,,,,工業地域,60.0,200.0,2012年第２四半期,未改装,,6.568201724066995
18002849,中古マンション等,,18201,福井県,福井市,宝永,福井(福井),16,１ＤＫ,30,,,,昭和64年,ＲＣ,住宅,住宅,,,,第１種住居地域,60.0,200.0,2016年第２四半期,改装済,,6.531478917042255
18010358,中古マンション等,,18201,福井県,福井市,日光,福大前西福井,11,３ＬＤＫ,80,,,,平成7年,ＲＣ,住宅,,,,,第１種中高層住居専用地域,60.0,200.0,2010年第２四半期,未改装,,6.944482672150168
18010915,中古マンション等,,18201,福井県,福井市,四ツ井,福井口,6,１Ｋ,40,,,,平成2年,ＲＣ,住宅,,,,,第１種住居地域,60.0,200.0,2010年第１四半期,未改装,,6.740362689494244
18014610,中古マンション等,,18201,福井県,福井市,二の宮,福井(福井),30分?60分,４ＬＤＫ,95,,,,平成20年,ＲＣ,住宅,住宅,,,,準工業地域,60.0,200.0,2015年第３四半期,未改装,,7.361727836017593
18016964,中古マンション等,,18201,福井県,福井市,松本,田原町(福井),1,３ＬＤＫ,70,,,,平成13年,ＳＲＣ,住宅,,,,,近隣商業地域,80.0,300.0,2012年第２四半期,改装済,,7.146128035678238
18012306,中古マンション等,,18201,福井県,福井市,南四ツ居,福井(福井),29,３ＬＤＫ,85,,,,平成23年,ＲＣ,住宅,,,,,準工業地域,60.0,200.0,2011年第３四半期,未改装,,7.4623979978989565
18013593,中古マンション等,,18201,福井県,福井市,大手,福井(福井),9,３ＬＤＫ,105,,,,平成23年,ＲＣ,住宅,住宅,,,,商業地域,80.0,400.0,2015年第２四半期,未改装,,7.3979400086720375
18018836,中古マンション等,,18201,福井県,福井市,四ツ井,福井口,7,１Ｋ,20,,,,昭和64年,ＲＣ,住宅,,,,,第１種住居地域,60.0,200.0,2013年第２四半期,未改装,,6.146128035678238
18010633,中古マンション等,,18201,福井県,福井市,文京,福井(福井),30分?60分,４ＬＤＫ,80,,,,平成9年,ＲＣ,住宅,,,,,第１種中高層住居専用地域,60.0,200.0,2010年第４四半期,未改装,,7.079181246047625
18016548,中古マンション等,,18201,福井県,福井市,成和,福井(福井),30分?60分,１Ｋ,20,,,,平成5年,ＲＣ,住宅,,,,,準工業地域,60.0,200.0,2012年第３四半期,,,6.176091259055681
18018603,中古マンション等,,18201,福井県,福井市,西開発,越前開発,14,２ＬＤＫ,50,,,,昭和64年,ＲＣ,住宅,,,,,準工業地域,60.0,200.0,2013年第４四半期,改装済,,6.880813592280791
18000783,中古マンション等,,18201,福井県,福井市,加茂河原,福井(福井),30分?60分,１Ｋ,15,,,,平成3年,ＲＣ,住宅,住宅,,,,近隣商業地域,80.0,200.0,2019年第１四半期,未改装,,6.176091259055681
18013909,中古マンション等,,18201,福井県,福井市,経田,福井(福井),30分?60分,４ＬＤＫ,75,,,,平成12年,ＲＣ,住宅,住宅,,,,第１種中高層住居専用地域,60.0,200.0,2015年第４四半期,,,7.230448921378274
18011567,中古マンション等,,18201,福井県,福井市,中央,福井(福井),3,１Ｋ,30,,,,平成22年,ＲＣ,住宅,,,,,商業地域,80.0,400.0,2011年第１四半期,未改装,,7.146128035678238
18018456,中古マンション等,,18201,福井県,福井市,中央,福井(福井),8,３ＬＤＫ,90,,,,平成22年,ＲＣ,住宅,,,,,商業地域,80.0,400.0,2013年第４四半期,未改装,,7.3979400086720375
18010979,中古マンション等,,18201,福井県,福井市,木田町,福井(福井),18,３ＬＤＫ,75,,,,平成10年,ＲＣ,住宅,,,,,準工業地域,60.0,200.0,2011年第４四半期,改装済,,7.146128035678238
18014823,中古マンション等,,18201,福井県,福井市,宝永,福井(福井),11,３ＬＤＫ,80,,,,平成17年,ＲＣ,住宅,住宅,,,,近隣商業地域,80.0,300.0,2015年第３四半期,未改装,,7.477121254719663
18010210,中古マンション等,,18201,福井県,福井市,四ツ井,福井口,7,１Ｋ,20,,,,昭和63年,ＲＣ,住宅,住宅,,,,第１種住居地域,60.0,200.0,2014年第３四半期,,,6.204119982655925
18018475,中古マンション等,,18201,福井県,福井市,中央,福井(福井),6,１ＬＤＫ,55,,,,平成22年,ＲＣ,住宅,,,,,商業地域,80.0,400.0,2013年第１四半期,未改装,,7.278753600952829
18000359,中古マンション等,,18201,福井県,福井市,江端町,江端,6,オープンフロア,50,,,,平成9年,ＳＲＣ,住宅,店舗,,,,準工業地域,60.0,200.0,2016年第２四半期,改装済,,6.6020599913279625
18016757,中古マンション等,,18201,福井県,福井市,西開発,越前開発,9,１Ｋ,20,,,,平成2年,ＲＣ,住宅,,,,,第１種住居地域,60.0,200.0,2012年第３四半期,未改装,,6.2552725051033065
18002736,中古マンション等,,18201,福井県,福井市,文京,西別院,4,３ＬＤＫ,75,,,,昭和64年,ＲＣ,住宅,住宅,,,,準工業地域,60.0,200.0,2019年第２四半期,未改装,,7.079181246047625
18011539,中古マンション等,,18201,福井県,福井市,中央,福井(福井),7,３ＬＤＫ,90,,,,平成22年,ＲＣ,住宅,,,,,商業地域,80.0,400.0,2011年第４四半期,改装済,,7.531478917042255
18011553,中古マンション等,,18201,福井県,福井市,中央,福井(福井),7,,20,,,,平成22年,ＲＣ,その他,,,,,商業地域,80.0,400.0,2011年第３四半期,,,6.544068044350276
18001962,中古マンション等,,18201,福井県,福井市,長本町,越前開発,2,４ＬＤＫ,75,,,,平成10年,ＲＣ,住宅,住宅,,,,準工業地域,60.0,200.0,2018年第３四半期,改装済,,7.146128035678238
18009684,中古マンション等,,18201,福井県,福井市,開発,福井(福井),30分?60分,２ＤＫ,75,,,,平成21年,ＲＣ,住宅,,,,,準工業地域,60.0,200.0,2010年第２四半期,未改装,,7.414973347970818
18014993,中古マンション等,,18201,福井県,福井市,四ツ井,福井口,8,１Ｋ,25,,,,平成2年,ＲＣ,住宅,住宅,,,,第１種住居地域,60.0,200.0,2015年第１四半期,未改装,,6.477121254719663
18018459,中古マンション等,,18201,福井県,福井市,中央,福井(福井),5,３ＬＤＫ,95,,,,平成22年,ＳＲＣ,住宅,,,,,商業地域,80.0,600.0,2013年第３四半期,未改装,,7.643452676486188
18022642,中古マンション等,,18201,福井県,福井市,日之出,福井(福井),8,２ＤＫ,45,,,,平成3年,ＳＲＣ,住宅,,,,,商業地域,80.0,400.0,2007年第４四半期,未改装,,7.041392685158225
18011341,中古マンション等,,18201,福井県,福井市,成和,福井(福井),26,４ＬＤＫ,90,,,,平成15年,ＳＲＣ,住宅,,,,,準工業地域,60.0,200.0,2011年第３四半期,未改装,,7.301029995663981
18011562,中古マンション等,,18201,福井県,福井市,中央,福井(福井),6,４ＬＤＫ,90,,,,平成22年,ＲＣ,住宅,,,,,商業地域,80.0,400.0,2011年第２四半期,未改装,,7.544068044350276
18022039,中古マンション等,,18201,福井県,福井市,木田町,赤十字前,5,３ＬＤＫ,70,,,,平成10年,ＳＲＣ,住宅,,,,,準工業地域,60.0,200.0,2007年第３四半期,改装済,,7.176091259055681
18009680,中古マンション等,,18201,福井県,福井市,開発,越前開発,14,２ＬＤＫ,60,,,,平成21年,ＲＣ,住宅,,,,,準工業地域,60.0,200.0,2010年第１四半期,未改装,,7.361727836017593
18000947,中古マンション等,,18201,福井県,福井市,経田,八ツ島,18,３ＬＤＫ,75,,,,平成12年,ＲＣ,住宅,住宅,,,,第１種中高層住居専用地域,60.0,200.0,2017年第４四半期,改装済,,7.204119982655925
18001986,中古マンション等,,18201,福井県,福井市,西開発,越前開発,9,,20,,,,平成2年,ＲＣ,住宅,,,,,第１種住居地域,60.0,200.0,2019年第４四半期,未改装,,6.431363764158987
18012138,中古マンション等,,18201,福井県,福井市,文京,西別院,4,３ＬＤＫ,80,,,,昭和64年,ＲＣ,住宅,,,,,準工業地域,60.0,200.0,2011年第２四半期,未改装,,7.0
18010792,中古マンション等,,18201,福井県,福井市,開発,越前開発,13,３ＬＤＫ,95,,,,,ＲＣ,住宅,,,,,準工業地域,60.0,200.0,2011年第４四半期,未改装,,7.505149978319906
18000599,中古マンション等,,18201,福井県,福井市,開発,越前開発,12,４ＬＤＫ,120,,,,平成21年,ＲＣ,住宅,住宅,,,,準工業地域,60.0,200.0,2017年第１四半期,未改装,,7.531478917042255
18014774,中古マンション等,,18201,福井県,福井市,文京,西別院,5,３ＬＤＫ,75,,,,,ＲＣ,住宅,住宅,,,,準工業地域,60.0,200.0,2015年第２四半期,改装済,,6.812913356642856
18018329,中古マンション等,,18201,福井県,福井市,成和,福井(福井),30分?60分,１Ｋ,20,,,,平成5年,ＲＣ,住宅,,,,,準工業地域,60.0,200.0,2013年第１四半期,,,6.079181246047625
18002000,中古マンション等,,18201,福井県,福井市,西開発,越前開発,9,１Ｋ,20,,,,平成2年,ＲＣ,住宅,住宅,,,,第１種住居地域,60.0,200.0,2016年第３四半期,,,6.230448921378274
18010973,中古マンション等,,18201,福井県,福井市,和田東,福井(福井),30分?60分,２ＬＤＫ,60,,,,平成16年,ＳＲＣ,住宅,,,,,準工業地域,60.0,200.0,2010年第３四半期,未改装,調停・競売等,7.0
18001152,中古マンション等,,18201,福井県,福井市,志比口,福井(福井),21,２ＬＤＫ,60,,,,平成20年,ＲＣ,住宅,住宅,,,,準工業地域,60.0,200.0,2018年第３四半期,未改装,,7.204119982655925
18009767,中古マンション等,,18201,福井県,福井市,西開発,越前開発,9,１Ｋ,20,,,,平成2年,ＲＣ,住宅,住宅,,,,第１種住居地域,60.0,200.0,2014年第３四半期,未改装,,6.6020599913279625
18001666,中古マンション等,,18201,福井県,福井市,中央,福井(福井),5,１ＬＤＫ＋Ｓ,70,,,,平成22年,,住宅,住宅,,,,商業地域,80.0,600.0,2019年第３四半期,未改装,,7.505149978319906
18001338,中古マンション等,,18201,福井県,福井市,城東,福井(福井),18,３ＬＤＫ,70,,,,平成11年,ＲＣ,住宅,住宅,,,,第２種中高層住居専用地域,60.0,200.0,2019年第４四半期,未改装,,7.146128035678238
18010982,中古マンション等,,18201,福井県,福井市,木田町,福井(福井),21,４ＬＤＫ,80,,,,平成10年,ＳＲＣ,住宅,,,,,準工業地域,60.0,200.0,2011年第３四半期,未改装,,6.954242509439325
18016803,中古マンション等,,18201,福井県,福井市,二の宮,田原町(福井),16,３ＬＤＫ,70,,,,平成13年,ＲＣ,住宅,,,,,第２種中高層住居専用地域,60.0,200.0,2012年第３四半期,未改装,,7.176091259055681
18001429,中古マンション等,,18201,福井県,福井市,成和,福井(福井),30分?60分,１ＬＤＫ,30,,,,平成5年,ＲＣ,住宅,住宅,,,,準工業地域,60.0,200.0,2016年第１四半期,改装済,,6.748188027006201
18009815,中古マンション等,,18201,福井県,福井市,北四ツ居,福井(福井),30分?60分,３ＬＤＫ,80,,,,平成19年,ＲＣ,住宅,,,,,準工業地域,60.0,200.0,2010年第２四半期,,,7.505149978319906
18018798,中古マンション等,,18201,福井県,福井市,松本,福井口,10,３ＬＤＫ,65,,,,平成10年,ＲＣ,住宅,,,,,第１種住居地域,60.0,200.0,2013年第３四半期,未改装,,6.929418925714293
18018787,中古マンション等,,18201,福井県,福井市,松本,田原町(福井),2,３ＬＤＫ,65,,,,平成11年,ＳＲＣ,住宅,,,,,近隣商業地域,80.0,300.0,2013年第１四半期,改装済,,7.113943352306837
18020347,中古マンション等,,18201,福井県,福井市,西開発,越前開発,13,２ＬＤＫ,50,,,,昭和64年,ＲＣ,住宅,,,,,準工業地域,60.0,200.0,2009年第３四半期,改装済,,6.740362689494244
18010152,中古マンション等,,18201,福井県,福井市,中央,福井(福井),4,５ＬＤＫ＋Ｓ,120,,,,平成22年,ＲＣ,住宅,,,,,商業地域,80.0,600.0,2010年第４四半期,未改装,,7.681241237375588
18017835,中古マンション等,,18201,福井県,福井市,江端町,ベル前,5,３ＬＤＫ,65,,,,平成9年,ＳＲＣ,住宅,,,,,準工業地域,60.0,200.0,2013年第４四半期,改装済,,7.113943352306837
18001670,中古マンション等,,18201,福井県,福井市,中央,福井(福井),9,３ＬＤＫ,90,,,,平成22年,ＲＣ,住宅,住宅,,,,商業地域,80.0,600.0,2018年第２四半期,未改装,,7.477121254719663
18018767,中古マンション等,,18201,福井県,福井市,宝永,福井口,4,３ＬＤＫ,70,,,,平成19年,ＲＣ,住宅,,,,,第１種住居地域,60.0,200.0,2013年第２四半期,未改装,,7.2552725051033065
18016175,中古マンション等,,18201,福井県,福井市,開発,福井(福井),30分?60分,４ＬＤＫ,110,,,,平成21年,ＲＣ,住宅,,,,,準工業地域,60.0,200.0,2012年第１四半期,,,7.623249290397901
18002748,中古マンション等,,18201,福井県,福井市,文京,西別院,4,１Ｋ,25,,,,平成2年,ＲＣ,住宅,その他,,,,準工業地域,60.0,200.0,2017年第２四半期,未改装,調停・競売等,6.301029995663981
18009690,中古マンション等,,18201,福井県,福井市,問屋町,福井(福井),30分?60分,４ＬＤＫ,80,,,,昭和50年,ＳＲＣ,住宅,その他,,,,準工業地域,60.0,200.0,2014年第２四半期,未改装,,6.3979400086720375
18000789,中古マンション等,,18201,福井県,福井市,加茂河原,福井(福井),30分?60分,１Ｋ,15,,,,平成3年,ＲＣ,住宅,住宅,,,,近隣商業地域,80.0,200.0,2016年第４四半期,未改装,,6.0
18018453,中古マンション等,,18201,福井県,福井市,中央,福井(福井),4,２ＬＤＫ,70,,,,平成22年,ＳＲＣ,住宅,,,,,商業地域,80.0,600.0,2013年第４四半期,未改装,,7.447158031342219
18001410,中古マンション等,,18201,福井県,福井市,成和,福井(福井),30分?60分,１Ｋ,20,,,,平成5年,ＳＲＣ,,住宅,,,,準工業地域,60.0,200.0,2020年第２四半期,未改装,,6.361727836017593
18014992,中古マンション等,,18201,福井県,福井市,四ツ井,福井口,8,１Ｋ,20,,,,平成2年,ＲＣ,住宅,住宅,,,,第１種住居地域,60.0,200.0,2015年第１四半期,未改装,,6.518513939877887
18016686,中古マンション等,,18201,福井県,福井市,中央,福井(福井),6,３ＬＤＫ,90,,,,平成22年,ＲＣ,住宅,,,,,商業地域,80.0,400.0,2012年第４四半期,未改装,,7.447158031342219
18016550,中古マンション等,,18201,福井県,福井市,成和,福井(福井),30分?60分,２ＬＤＫ,50,,,,平成5年,ＲＣ,住宅,,,,,準工業地域,60.0,200.0,2012年第２四半期,未改装,,6.724275869600789
18009806,中古マンション等,,18201,福井県,福井市,北四ツ居,福井(福井),25,４ＬＤＫ,80,,,,平成19年,ＲＣ,住宅,,,,,準工業地域,60.0,200.0,2010年第３四半期,未改装,,7.414973347970818
18016746,中古マンション等,,18201,福井県,福井市,豊島,福井(福井),10,１Ｋ,15,,,,昭和63年,ＲＣ,住宅,,,,,近隣商業地域,80.0,200.0,2012年第１四半期,未改装,,5.845098040014257
18014907,中古マンション等,,18201,福井県,福井市,南四ツ居,福井(福井),26,２ＬＤＫ,85,,,,平成23年,ＲＣ,住宅,住宅,,,,準工業地域,60.0,200.0,2015年第１四半期,未改装,,7.414973347970818
18021848,中古マンション等,,18201,福井県,福井市,江端町,江端,7,３ＬＤＫ,65,,,,平成9年,ＳＲＣ,住宅,,,,,準工業地域,60.0,200.0,2008年第３四半期,未改装,,7.113943352306837
18002195,中古マンション等,,18201,福井県,福井市,日光,福大前西福井,11,４ＬＤＫ,90,,,,平成7年,ＲＣ,住宅,,,,,第１種中高層住居専用地域,60.0,200.0,2017年第４四半期,未改装,調停・競売等,6.99563519459755
18016655,中古マンション等,,18201,福井県,福井市,高柳町,福井(福井),1H?1H30,３ＬＤＫ,80,,,,平成23年,ＲＣ,住宅,,,,,準工業地域,60.0,200.0,2012年第１四半期,未改装,,7.079181246047625
18014530,中古マンション等,,18201,福井県,福井市,西方,福井(福井),23,３ＬＤＫ,75,,,,平成10年,ＲＣ,住宅,住宅,,,,準工業地域,80.0,200.0,2015年第２四半期,,,7.146128035678238
18011908,中古マンション等,,18201,福井県,福井市,二の宮,福井(福井),30分?60分,４ＬＤＫ,135,,,,平成20年,ＲＣ,住宅,,,,,準工業地域,60.0,200.0,2011年第４四半期,未改装,,7.204119982655925
18017833,中古マンション等,,18201,福井県,福井市,江端町,江端,5,４ＬＤＫ,90,,,,平成13年,ＳＲＣ,住宅,,,,,準工業地域,60.0,200.0,2013年第２四半期,改装済,,7.230448921378274
18011560,中古マンション等,,18201,福井県,福井市,中央,福井(福井),7,２ＬＤＫ,70,,,,平成22年,ＲＣ,住宅,,,,,商業地域,80.0,400.0,2011年第２四半期,未改装,,7.301029995663981
18009673,中古マンション等,,18201,福井県,福井市,開発,越前開発,13,２ＬＤＫ,75,,,,平成21年,ＲＣ,住宅,,,,,準工業地域,60.0,200.0,2010年第３四半期,未改装,,7.447158031342219
18014990,中古マンション等,,18201,福井県,福井市,四ツ井,福井口,9,２ＬＤＫ,65,,,,平成21年,ＲＣ,住宅,住宅,,,,第１種住居地域,60.0,150.0,2015年第４四半期,未改装,,7.146128035678238
18010750,中古マンション等,,18201,福井県,福井市,松本,福井口,10,４ＬＤＫ,75,,,,平成9年,ＲＣ,住宅,,,,,第１種住居地域,60.0,200.0,2010年第３四半期,改装済,,7.079181246047625
18002170,中古マンション等,,18201,福井県,福井市,日光,福井(福井),30分?60分,３ＬＤＫ,60,,,,平成4年,,,住宅,,,,第２種中高層住居専用地域,60.0,200.0,2020年第３四半期,,,6.919078092376074
18009773,中古マンション等,,18201,福井県,福井市,西開発,越前開発,9,１Ｋ,20,,,,平成2年,ＲＣ,住宅,,,,,第１種住居地域,60.0,200.0,2014年第１四半期,未改装,,6.204119982655925
18002173,中古マンション等,,18201,福井県,福井市,日光,福井(福井),30分?60分,４ＬＤＫ,75,,,,平成7年,ＲＣ,住宅,住宅,,,,第１種中高層住居専用地域,60.0,200.0,2019年第２四半期,改装済,,7.204119982655925
18022491,中古マンション等,,18201,福井県,福井市,西木田,福井(福井),30分?60分,３ＤＫ,60,,,,平成7年,ＲＣ,住宅,,,,,第１種住居地域,60.0,200.0,2008年第３四半期,未改装,調停・競売等,6.477121254719663
18003241,中古マンション等,,18201,福井県,福井市,米松,福井(福井),24,１Ｋ,25,,,,平成17年,ＲＣ,住宅,住宅,,,,準工業地域,60.0,200.0,2016年第４四半期,未改装,,6.724275869600789
18009517,中古マンション等,,18201,福井県,福井市,板垣,福井(福井),30分?60分,４ＬＤＫ,90,,,,平成14年,ＲＣ,住宅,,,,,第１種住居地域,60.0,200.0,2010年第３四半期,未改装,調停・競売等,7.041392685158225
18001798,中古マンション等,,18201,福井県,福井市,問屋町,福井(福井),30分?60分,４ＬＤＫ,80,,,,昭和50年,ＳＲＣ,住宅,住宅,,,,準工業地域,60.0,200.0,2020年第２四半期,,,6.544068044350276
18012125,中古マンション等,,18201,福井県,福井市,文京,田原町(福井),12,４ＬＤＫ,85,,,,平成13年,ＲＣ,住宅,,,,,第１種中高層住居専用地域,60.0,200.0,2011年第２四半期,未改装,,7.146128035678238
18001424,中古マンション等,,18201,福井県,福井市,成和,福井(福井),30分?60分,オープンフロア,65,,,,平成5年,ＳＲＣ,事務所,事務所,,,,準工業地域,60.0,200.0,2016年第４四半期,改装済,,6.812913356642856
18014408,中古マンション等,,18201,福井県,福井市,中央,福井(福井),4,１ＬＤＫ,55,,,,平成22年,ＳＲＣ,住宅,住宅,,,,商業地域,80.0,600.0,2015年第４四半期,未改装,,7.278753600952829
18016103,中古マンション等,,18201,福井県,福井市,大手,福井(福井),4,２ＬＤＫ,80,,,,平成8年,ＳＲＣ,住宅,,,,,商業地域,80.0,600.0,2012年第４四半期,,,7.361727836017593
18016690,中古マンション等,,18201,福井県,福井市,中央,福井(福井),6,３ＬＤＫ,90,,,,平成22年,ＲＣ,住宅,,,,,商業地域,80.0,600.0,2012年第３四半期,未改装,,6.57978359661681
18009812,中古マンション等,,18201,福井県,福井市,北四ツ居,福井(福井),30分?60分,３ＬＤＫ,80,,,,平成19年,ＲＣ,住宅,,,,,準工業地域,60.0,200.0,2010年第３四半期,未改装,,7.477121254719663
18011538,中古マンション等,,18201,福井県,福井市,中央,福井(福井),9,３ＬＤＫ,80,,,,平成22年,ＲＣ,住宅,,,,,商業地域,80.0,600.0,2011年第４四半期,未改装,,7.556302500767287
18020594,中古マンション等,,18201,福井県,福井市,和田東,福井(福井),30分?60分,２ＬＤＫ,60,,,,平成16年,ＳＲＣ,住宅,,,,,準工業地域,60.0,200.0,2009年第２四半期,未改装,,7.113943352306837
18010212,中古マンション等,,18201,福井県,福井市,四ツ井,福井口,8,１Ｋ,20,,,,平成2年,ＲＣ,住宅,住宅,,,,第１種住居地域,60.0,200.0,2014年第２四半期,改装済,,6.477121254719663
18002855,中古マンション等,,18201,福井県,福井市,宝永,福井口,6,１ＤＫ,30,,,,昭和64年,ＲＣ,住宅,住宅,,,,第１種住居地域,60.0,200.0,2017年第２四半期,未改装,,6.518513939877887
18014218,中古マンション等,,18201,福井県,福井市,成和,福井(福井),30分?60分,１Ｋ,20,,,,平成5年,ＲＣ,住宅,,,,,準工業地域,60.0,200.0,2015年第４四半期,未改装,,6.301029995663981
18009676,中古マンション等,,18201,福井県,福井市,開発,越前開発,13,３ＬＤＫ,95,,,,平成21年,ＲＣ,住宅,,,,,準工業地域,60.0,200.0,2010年第３四半期,未改装,,7.505149978319906
18014768,中古マンション等,,18201,福井県,福井市,文京,西別院,4,１Ｋ,25,,,,平成2年,ＲＣ,住宅,住宅,,,,準工業地域,60.0,200.0,2015年第４四半期,未改装,,6.301029995663981
18018699,中古マンション等,,18201,福井県,福井市,日之出,福井(福井),6,２ＤＫ,45,,,,平成3年,ＳＲＣ,住宅,,,,,近隣商業地域,80.0,200.0,2013年第４四半期,未改装,,6.857332496431268
18002755,中古マンション等,,18201,福井県,福井市,文京,西別院,4,３ＬＤＫ,75,,,,平成2年,ＲＣ,住宅,住宅,,,,準工業地域,60.0,200.0,2016年第１四半期,未改装,,6.740362689494244
18002743,中古マンション等,,18201,福井県,福井市,文京,西別院,5,２ＬＤＫ,60,,,,平成17年,ＲＣ,住宅,住宅,,,,準工業地域,60.0,200.0,2018年第１四半期,未改装,,7.2552725051033065
18001423,中古マンション等,,18201,福井県,福井市,成和,福井(福井),30分?60分,１Ｋ,20,,,,平成5年,ＲＣ,住宅,住宅,,,,準工業地域,60.0,500.0,2016年第４四半期,未改装,,6.176091259055681
18018581,中古マンション等,,18201,福井県,福井市,豊島,福井(福井),11,１Ｋ,15,,,,昭和63年,ＲＣ,住宅,,,,,近隣商業地域,80.0,200.0,2013年第２四半期,未改装,,5.698970004336019
18010926,中古マンション等,,18201,福井県,福井市,米松,福井(福井),25,３ＬＤＫ,60,,,,平成12年,ＲＣ,住宅,,,,,準工業地域,60.0,200.0,2010年第４四半期,未改装,,7.146128035678238
18013719,中古マンション等,,18201,福井県,福井市,春日,福井(福井),14,１ＬＤＫ,55,,,,平成21年,ＲＣ,住宅,住宅,,,,第１種住居地域,60.0,200.0,2015年第２四半期,未改装,,7.176091259055681
18009808,中古マンション等,,18201,福井県,福井市,北四ツ居,福井(福井),25,３ＬＤＫ,75,,,,平成19年,ＲＣ,住宅,,,,,準工業地域,60.0,200.0,2010年第３四半期,未改装,,7.380211241711606
18001996,中古マンション等,,18201,福井県,福井市,西開発,越前開発,9,１ＤＫ,20,,,,平成2年,ＲＣ,住宅,住宅,,,,第１種住居地域,60.0,200.0,2017年第４四半期,改装済,,6.414973347970818
18018117,中古マンション等,,18201,福井県,福井市,毛矢,福井(福井),14,２ＬＤＫ,65,,,,平成13年,ＲＣ,住宅,,,,,商業地域,80.0,400.0,2013年第３四半期,未改装,,6.929418925714293
18002726,中古マンション等,,18201,福井県,福井市,文京,田原町(福井),11,４ＬＤＫ,85,,,,平成13年,ＲＣ,住宅,住宅,,,,第１種中高層住居専用地域,60.0,200.0,2017年第１四半期,未改装,,7.2552725051033065
18022716,中古マンション等,,18201,福井県,福井市,文京,福井(福井),30分?60分,１ＬＤＫ,65,,,,平成9年,ＲＣ,住宅,,,,,第１種中高層住居専用地域,60.0,200.0,2007年第３四半期,未改装,,7.079181246047625
18022038,中古マンション等,,18201,福井県,福井市,木田町,赤十字前,6,３ＬＤＫ,65,,,,平成10年,ＲＣ,住宅,,,,,準工業地域,60.0,200.0,2007年第３四半期,未改装,,7.176091259055681
18022484,中古マンション等,,18201,福井県,福井市,西方,福井(福井),24,３ＬＤＫ,80,,,,平成10年,ＲＣ,住宅,,,,,準工業地域,60.0,200.0,2008年第１四半期,未改装,,7.204119982655925
18016691,中古マンション等,,18201,福井県,福井市,中央,福井(福井),9,２ＬＤＫ,65,,,,平成22年,ＲＣ,住宅,,,,,商業地域,80.0,600.0,2012年第２四半期,未改装,,7.447158031342219
18016551,中古マンション等,,18201,福井県,福井市,成和,福井(福井),30分?60分,１Ｋ,20,,,,平成5年,ＲＣ,住宅,,,,,準工業地域,60.0,200.0,2012年第２四半期,未改装,,6.414973347970818
18002045,中古マンション等,,18201,福井県,福井市,西方,福井(福井),24,４ＬＤＫ,95,,,,平成20年,ＲＣ,住宅,住宅,,,,第１種住居地域,60.0,200.0,2017年第１四半期,未改装,,7.2552725051033065
18001993,中古マンション等,,18201,福井県,福井市,西開発,越前開発,9,１Ｋ,20,,,,平成2年,ＲＣ,住宅,その他,,,,第１種住居地域,60.0,200.0,2019年第１四半期,未改装,,6.3222192947339195
18018324,中古マンション等,,18201,福井県,福井市,成和,福井(福井),28,２ＬＤＫ,65,,,,平成15年,ＳＲＣ,住宅,,,,,準工業地域,60.0,200.0,2013年第４四半期,未改装,,6.986771734266245
18010975,中古マンション等,,18201,福井県,福井市,和田東,福井(福井),30分?60分,２ＬＤＫ,60,,,,平成16年,ＳＲＣ,住宅,,,,,準工業地域,60.0,200.0,2010年第３四半期,未改装,,7.176091259055681
18002716,中古マンション等,,18201,福井県,福井市,文京,田原町(福井),12,４ＬＤＫ,85,,,,平成13年,,,住宅,,,,第１種中高層住居専用地域,60.0,200.0,2020年第１四半期,未改装,,7.301029995663981
18014770,中古マンション等,,18201,福井県,福井市,文京,西別院,5,２ＬＤＫ,65,,,,平成17年,ＲＣ,住宅,住宅,,,,準工業地域,60.0,200.0,2015年第３四半期,,,7.113943352306837
18011559,中古マンション等,,18201,福井県,福井市,中央,福井(福井),6,１ＬＤＫ,55,,,,,ＲＣ,住宅,,,,,商業地域,80.0,400.0,2011年第２四半期,未改装,,7.301029995663981
18001592,中古マンション等,,18201,福井県,福井市,高柳,福井(福井),1H?1H30,３ＬＤＫ,80,,,,平成23年,ＲＣ,住宅,,,,,準工業地域,60.0,200.0,2016年第４四半期,未改装,,7.380211241711606
18018063,中古マンション等,,18201,福井県,福井市,木田町,福井(福井),18,３ＬＤＫ,75,,,,平成10年,ＲＣ,住宅,,,,,準工業地域,60.0,200.0,2013年第２四半期,改装済,,7.113943352306837
18020127,中古マンション等,,18201,福井県,福井市,成和,福井(福井),28,３ＬＤＫ,65,,,,平成15年,ＳＲＣ,住宅,,,,,準工業地域,60.0,200.0,2009年第３四半期,改装済,,7.204119982655925
18013591,中古マンション等,,18201,福井県,福井市,大手,福井(福井),9,３ＬＤＫ,105,,,,平成23年,ＲＣ,住宅,住宅,,,,商業地域,80.0,400.0,2015年第３四半期,,,7.414973347970818
18010751,中古マンション等,,18201,福井県,福井市,松本,福井口,10,３ＬＤＫ,65,,,,平成10年,ＲＣ,住宅,,,,,第１種住居地域,60.0,200.0,2010年第３四半期,未改装,調停・競売等,6.857332496431268
18016174,中古マンション等,,18201,福井県,福井市,開発,福井(福井),30分?60分,３ＬＤＫ,165,,,,平成21年,ＲＣ,住宅,,,,,準工業地域,60.0,200.0,2012年第１四半期,,,7.812913356642856
18000945,中古マンション等,,18201,福井県,福井市,経田,福井(福井),30分?60分,３ＬＤＫ,75,,,,平成12年,ＲＣ,住宅,住宅,,,,第１種中高層住居専用地域,60.0,200.0,2017年第１四半期,未改装,調停・競売等,7.079181246047625
18018460,中古マンション等,,18201,福井県,福井市,中央,福井(福井),5,,15,,,,平成22年,ＳＲＣ,駐車場,,,,,商業地域,80.0,600.0,2013年第３四半期,,,6.113943352306837
18001347,中古マンション等,,18201,福井県,福井市,城東,福井(福井),17,４ＬＤＫ,75,,,,平成11年,ＲＣ,住宅,住宅,,,,第２種中高層住居専用地域,60.0,200.0,2016年第４四半期,未改装,,7.230448921378274
18002328,中古マンション等,,18201,福井県,福井市,二の宮,福井(福井),30分?60分,４ＬＤＫ,95,,,,平成4年,ＲＣ,住宅,住宅,,,,第２種中高層住居専用地域,60.0,200.0,2016年第２四半期,未改装,,7.113943352306837
18016680,中古マンション等,,18201,福井県,福井市,中央,福井(福井),5,１ＬＤＫ,60,,,,平成22年,ＳＲＣ,住宅,,,,,商業地域,80.0,600.0,2012年第４四半期,未改装,,7.301029995663981
18014220,中古マンション等,,18201,福井県,福井市,成和,福井(福井),30分?60分,１Ｋ,20,,,,平成5年,ＲＣ,住宅,住宅,,,,準工業地域,60.0,200.0,2015年第４四半期,,,6.301029995663981
18011172,中古マンション等,,18201,福井県,福井市,志比口,福井(福井),16,４ＬＤＫ,95,,,,平成10年,ＲＣ,住宅,,,,,第１種住居地域,60.0,200.0,2011年第４四半期,未改装,,7.278753600952829
18022220,中古マンション等,,18201,福井県,福井市,城東,福井(福井),18,３ＬＤＫ,65,,,,平成9年,ＲＣ,住宅,,,,,第１種中高層住居専用地域,60.0,200.0,2007年第２四半期,改装済,,7.113943352306837
18020199,中古マンション等,,18201,福井県,福井市,高柳町,福井(福井),30分?60分,４ＬＤＫ,85,,,,平成13年,ＲＣ,住宅,,,,,準工業地域,60.0,200.0,2009年第３四半期,未改装,,7.301029995663981
18001156,中古マンション等,,18201,福井県,福井市,志比口,福井(福井),22,１ＤＫ,25,,,,平成20年,ＲＣ,住宅,住宅,,,,準工業地域,60.0,200.0,2017年第１四半期,未改装,,6.740362689494244
18016681,中古マンション等,,18201,福井県,福井市,中央,福井(福井),5,２ＬＤＫ,70,,,,平成22年,ＳＲＣ,住宅,,,,,商業地域,80.0,600.0,2012年第４四半期,改装済,,7.431363764158987
18001544,中古マンション等,,18201,福井県,福井市,高木町,福井(福井),30分?60分,３ＬＤＫ,70,,,,平成12年,ＲＣ,住宅,住宅,,,,準工業地域,60.0,200.0,2018年第３四半期,未改装,,7.041392685158225
18022041,中古マンション等,,18201,福井県,福井市,北四ツ居,福井(福井),29,３ＬＤＫ,70,,,,平成19年,ＲＣ,住宅,,,,,準工業地域,60.0,200.0,2008年第４四半期,未改装,,7.230448921378274
18002745,中古マンション等,,18201,福井県,福井市,文京,西別院,6,３ＬＤＫ,60,,,,,,,住宅,,,,準工業地域,60.0,200.0,2017年第４四半期,改装済,,7.041392685158225
18000900,中古マンション等,,18201,福井県,福井市,北四ツ居,福井(福井),28,２ＤＫ,75,,,,平成19年,,,住宅,,,,準工業地域,60.0,200.0,2018年第４四半期,未改装,,7.2552725051033065
18009681,中古マンション等,,18201,福井県,福井市,開発,越前開発,14,３ＬＤＫ,100,,,,平成21年,ＲＣ,住宅,,,,,準工業地域,60.0,200.0,2010年第１四半期,未改装,,7.5910646070264995
18018662,中古マンション等,,18201,福井県,福井市,二の宮,福井(福井),30分?60分,４ＬＤＫ,90,,,,平成13年,ＲＣ,住宅,,,,,第１種住居地域,60.0,200.0,2013年第４四半期,改装済,,7.2552725051033065
18022034,中古マンション等,,18201,福井県,福井市,木田町,越前花堂,24,３ＬＤＫ,65,,,,平成10年,ＲＣ,住宅,,,,,準工業地域,60.0,200.0,2007年第３四半期,未改装,,7.176091259055681
18002987,中古マンション等,,18201,福井県,福井市,松本,まつもと町屋,4,４ＬＤＫ,75,,,,平成10年,ＲＣ,住宅,住宅,,,,第１種住居地域,60.0,200.0,2016年第２四半期,未改装,,7.113943352306837
18010610,中古マンション等,,18201,福井県,福井市,文京,西別院,4,１Ｋ,25,,,,平成2年,ＲＣ,住宅,,,,,準工業地域,60.0,200.0,2010年第３四半期,未改装,,6.477121254719663
18010972,中古マンション等,,18201,福井県,福井市,和田東,福井(福井),30分?60分,２ＬＤＫ,60,,,,平成16年,ＳＲＣ,住宅,,,,,準工業地域,60.0,200.0,2010年第４四半期,未改装,,7.113943352306837
18011555,中古マンション等,,18201,福井県,福井市,中央,福井(福井),6,１ＬＤＫ,55,,,,,ＲＣ,住宅,,,,,商業地域,80.0,400.0,2011年第２四半期,未改装,,7.301029995663981
18018031,中古マンション等,,18201,福井県,福井市,加茂河原,福井(福井),30分?60分,１ＤＫ,20,,,,平成6年,ＲＣ,住宅,,,,,近隣商業地域,80.0,200.0,2013年第４四半期,未改装,,6.380211241711606
18002941,中古マンション等,,18201,福井県,福井市,松本,西別院,2,２ＬＤＫ,60,,,,昭和63年,ＲＣ,住宅,住宅,,,,第１種住居地域,60.0,200.0,2020年第３四半期,未改装,,6.903089986991944
18009612,中古マンション等,,18201,福井県,福井市,高柳,福井(福井),1H?1H30,２ＬＤＫ,85,,,,平成23年,ＲＣ,住宅,住宅,,,,準工業地域,60.0,200.0,2014年第３四半期,未改装,,7.414973347970818
18002215,中古マンション等,,18201,福井県,福井市,新田塚,新田塚,6,４ＬＤＫ,85,,,,,ＲＣ,住宅,住宅,,,,第１種住居地域,60.0,200.0,2019年第４四半期,未改装,,7.146128035678238
18018472,中古マンション等,,18201,福井県,福井市,中央,福井(福井),4,２ＬＤＫ,70,,,,平成22年,ＲＣ,住宅,,,,,商業地域,80.0,600.0,2013年第１四半期,未改装,,7.477121254719663
18018325,中古マンション等,,18201,福井県,福井市,成和,福井(福井),30分?60分,１Ｋ,20,,,,平成5年,ＲＣ,住宅,,,,,準工業地域,60.0,200.0,2013年第３四半期,未改装,,6.380211241711606
18002567,中古マンション等,,18201,福井県,福井市,日之出,福井(福井),7,１Ｒ,35,,,,平成3年,ＳＲＣ,住宅,住宅,,,,近隣商業地域,80.0,200.0,2017年第２四半期,改装済,,6.9344984512435675
18001809,中古マンション等,,18201,福井県,福井市,問屋町,福井(福井),30分?60分,４ＬＤＫ,80,,,,昭和50年,ＳＲＣ,,住宅,,,,準工業地域,60.0,200.0,2018年第２四半期,未改装,,6.544068044350276
18009589,中古マンション等,,18201,福井県,福井市,高木中央,福井(福井),30分?60分,３ＬＤＫ,60,,,,平成19年,ＲＣ,住宅,,,,,準工業地域,60.0,200.0,2014年第１四半期,未改装,,7.041392685158225
18002001,中古マンション等,,18201,福井県,福井市,西開発,越前開発,13,３ＤＫ,50,,,,,ＲＣ,住宅,住宅,,,,準工業地域,60.0,200.0,2016年第３四半期,未改装,,6.778151250383644
18019941,中古マンション等,,18201,福井県,福井市,経田,福井(福井),30分?60分,４ＬＤＫ,95,,,,平成12年,ＲＣ,住宅,,,,,第１種中高層住居専用地域,60.0,200.0,2009年第２四半期,未改装,,7.230448921378274
18012210,中古マンション等,,18201,福井県,福井市,宝永,福井(福井),17,１ＤＫ,30,,,,昭和64年,ＲＣ,住宅,,,,,第１種住居地域,60.0,200.0,2011年第４四半期,未改装,,6.3979400086720375
18016689,中古マンション等,,18201,福井県,福井市,中央,福井(福井),5,２ＬＤＫ,65,,,,平成22年,ＲＣ,住宅,,,,,商業地域,80.0,600.0,2012年第３四半期,未改装,,7.431363764158987
18018839,中古マンション等,,18201,福井県,福井市,米松,福井(福井),26,１Ｋ,25,,,,平成17年,ＲＣ,住宅,,,,,準工業地域,60.0,200.0,2013年第３四半期,未改装,,6.633468455579586
18001805,中古マンション等,,18201,福井県,福井市,問屋町,福井(福井),30分?60分,３ＬＤＫ,65,,,,昭和50年,,住宅,住宅,,,,準工業地域,60.0,200.0,2019年第３四半期,改装済,,6.819543935541868
18011381,中古マンション等,,18201,福井県,福井市,高木,福井(福井),30分?60分,,80,,,,平成7年,ＲＣ,住宅,,,,,第１種住居地域,60.0,200.0,2011年第２四半期,改装済,,7.146128035678238
18000491,中古マンション等,,18201,福井県,福井市,大宮,田原町(福井),14,４ＬＤＫ,85,,,,,,,住宅,,,,第１種中高層住居専用地域,60.0,200.0,2018年第２四半期,未改装,,7.204119982655925
18014772,中古マンション等,,18201,福井県,福井市,文京,西別院,6,３ＬＤＫ,60,,,,平成8年,ＲＣ,住宅,住宅,,,,準工業地域,60.0,200.0,2015年第２四半期,改装済,,7.041392685158225
18009762,中古マンション等,,18201,福井県,福井市,西開発,越前開発,9,１Ｋ,20,,,,,ＲＣ,住宅,住宅,,,,第１種住居地域,60.0,200.0,2014年第４四半期,未改装,,6.380211241711606
